,b2,Housing,Transit,Recreation facilities,Parks and trails,Crime and policing,Roads and sidewalks,Social services,Information services,Waste removal and garbage collection,Recycling and eco stations,Fire services,City communications and customer service,Seniors programs,Childrens programs,Community programs,Bylaw and traffic enforcement,"Taxes, licensing, and permits",Downtown,"Entertainment, events, and attractions",Communications and public engagement,City governance
0,As the population in Edmonton has matured our council has lost touch with our what ours seniors need. They paid taxes for many years and made this ciyu what is today and I feel we've turned our back on them and their opinions don't matter. Council only listens to the vocal minority.,0,0,0,0,0,0,0,0,0,0,0,0,1,0,0,0,0,0,0,0,1
1,"I personally had to wait over 14 months to receive a place at SACE and missed it because my mental health has deteriorated I couldn't even make it to the appointments. Point being, especially after covid, mental health has to become a priority or there will be more decline into addiction and poverty.",0,0,0,0,0,0,1,0,0,0,0,0,0,0,0,0,0,0,0,0,0
2,"There is lots to do in Edmonton, the park system and river valley are fantastic. we have first rate facilities like Rogers Place, EAG, the Winspear, etc.",0,0,1,1,0,0,0,0,0,0,0,0,0,0,0,0,0,0,1,0,0
3,they do what they are intended but sometimes its so difficult to get service and ive known someone who even was directed to a mental health service in Calgary because the Edmonton location was not taking in clients for the next six months,0,0,0,0,0,0,1,0,0,0,0,0,0,0,0,0,0,0,0,0,0
4,I don't think our transit system is safe and there fore I would never take it downtown to attend an event even though I will drive there to watch a concert or Oilers game Downtown development is a waste of money until we have a sloution to help the homeless that actually works.,0,1,0,0,0,0,1,0,0,0,0,0,0,0,0,0,0,1,0,0,0
5,"Programs are becoming very expensive and also not typically available locally, so one has to travel to the far reaches of the City to access them instead of having those programs and activities near home.",0,0,0,0,0,0,0,0,0,0,0,0,0,0,0,0,0,0,0,0,0
6,What I have seen has met but not exceeded my expectations,0,0,0,0,0,0,0,0,0,0,0,0,0,0,0,0,0,0,0,0,0
7,"I'm not very good at thia technical stuff and I do have apps so sometimes in is very hard to find out what is going on, there used to be free papers telling and listing all activitys but they have gone the Edmonton journal does a bit of a list but not like before.",0,0,0,0,0,0,0,1,0,0,0,0,0,0,0,0,0,0,0,0,0
8,I regularly use city of edmonton recreation centers and am really impressed with the amenity quality,0,0,1,0,0,0,0,0,0,0,0,0,0,0,0,0,0,0,0,0,0
9,"As mentioned earlier, Edmonton does very little to ensure that their facilities and events are inclusive to all citizens of all abilities",0,0,0,0,0,0,0,0,0,0,0,0,0,0,0,0,0,0,1,0,0
10,"I really love the recreation centers, the libraries, the parks and so much more that this city makes available",0,0,1,1,0,0,0,0,0,0,0,0,0,0,0,0,0,0,0,0,0
11,"If I want to access any amenities, I can get there with my car. I have not restarted participating in public activities since COVID. I enjoyed being able to go to festivals and physical activities",0,0,0,0,0,0,0,0,0,0,0,0,0,0,0,0,0,0,1,0,0
12,"Things can always improve. There is a problem with crime, homelessness, addiction, not enough doctors, nurses, teachers, police. Better priorities for our tax money is needed.",0,0,0,0,1,0,1,0,0,0,0,0,0,0,0,0,0,0,0,0,0
13,OK,0,0,0,0,0,0,0,0,0,0,0,0,0,0,0,0,0,0,0,0,0
14,"I think there are lots of things to do and see, but because of the location of some of these things, I am not completely satisfied.",0,0,0,0,0,0,0,0,0,0,0,0,0,0,0,0,0,0,1,0,0
15,stupid trash pickup program-getting less but paying more - every other black bin pick up is a joke - we pay taxes and it should be a weekly pickup,0,0,0,0,0,0,0,0,1,0,0,0,0,0,0,0,0,0,0,0,0
16,Edmonton has a lot of picking amenities that we can use which is nice! Though some of them aren't as nice as others. There is a solid amount of recreation centres and outdoor swimming pools which is great for the summer. In the winter there are outdoor skating rinks but it would be nice to see more of them have skate rentals. It is also nice to see public parks being used for festivals and fun public events!,0,0,1,1,0,0,0,0,0,0,0,0,0,0,0,0,0,0,0,0,0
17,very few programs focused on a narrow demograhic. most programs are out of reach for the average edmontonian,0,0,0,0,0,0,0,0,0,0,0,0,0,0,0,0,0,0,0,0,1
18,As a disabled person I feel supported by the City of  Edmonton.,0,0,0,0,0,0,1,0,0,0,0,0,0,0,0,0,0,0,0,0,0
19,No reason,0,0,0,0,0,0,0,0,0,0,0,0,0,0,0,0,0,0,0,0,0
20,the right hand does not know what the left hand is doing,0,0,0,0,0,0,0,0,0,0,0,0,0,0,0,0,0,0,0,0,0
21,100 mill for bike lanes and less snow maintenance makes no sense,0,0,0,0,0,1,0,0,0,0,0,0,0,0,0,0,0,0,0,0,0
22,I don't go out to this places like I used to so not sure,0,0,0,0,0,0,0,0,0,0,0,0,0,0,0,0,0,0,0,0,0
23,Not sure,0,0,0,0,0,0,0,0,0,0,0,0,0,0,0,0,0,0,0,0,0
24,"the city has not made some areas safe like parks, river valley and walking paths",0,0,0,1,1,0,0,0,0,0,0,0,0,0,0,0,0,0,0,0,0
25,Too much emphasis on user pay,0,0,0,0,0,0,0,0,0,0,0,0,0,0,0,0,0,0,0,0,0
26,Transit needs to be better. Start up for the Valley Line LRT is unknown. Parking enforcement where I live is non-existent.,0,1,0,0,0,0,0,0,0,0,0,0,0,0,0,1,0,0,0,0,0
27,poor management,0,0,0,0,0,0,0,0,0,0,0,0,0,0,0,0,0,0,0,0,1
28,Only few social events organized,0,0,0,0,0,0,0,0,0,0,0,0,0,0,0,0,0,0,1,0,0
29,I don't use any city programs or services,0,0,0,0,0,0,0,0,0,0,0,0,0,0,0,0,0,0,0,0,0
30,The provincial and civic governments are too controlling; homelessness is NOT being addressed; Edmonton mayor is a lack-lustre wanna-be; the smith caucus will surround themselves with lies and deceit in order to prover their points;,0,0,0,0,0,0,1,0,0,0,0,0,0,0,0,0,0,0,0,0,1
31,Nothing to add,0,0,0,0,0,0,0,0,0,0,0,0,0,0,0,0,0,0,0,0,0
32,the timing of activity,0,0,0,0,0,0,0,0,0,0,0,0,0,0,0,0,0,0,0,0,0
33,I don't participate any city provided program,0,0,0,0,0,0,0,0,0,0,0,0,0,0,0,0,0,0,0,0,0
34,have not used them,0,0,0,0,0,0,0,0,0,0,0,0,0,0,0,0,0,0,0,0,0
35,"City of Edmonton does provide services but some of their activities do not make sense, such as LRT to NAIT, LRT from Millwoods Town centre to down town. taking care of park spaces, instead of making them accessible and usable for people, city is naturalizing them which increases the cost to home owners as weeds grow in their backyard and they have to spend money for treatment.",0,1,0,1,0,0,0,0,0,0,0,0,0,0,0,0,1,0,0,0,0
36,I have not used any of the programs provided by the city.,0,0,0,0,0,0,0,0,0,0,0,0,0,0,0,0,0,0,0,0,0
37,There are many programs for children to choose from and many activities for families to enjoy throughout the year along with well known educational facilities,0,0,0,0,0,0,0,0,0,0,0,0,0,1,0,0,0,0,1,0,0
38,There are a number of things to do,0,0,0,0,0,0,0,0,0,0,0,0,0,0,0,0,0,0,1,0,0
39,City offers facilities for all people needs,0,0,0,0,0,0,1,0,0,0,0,0,0,0,0,0,0,0,0,0,0
40,The cost of going to the cultural events is too high for me to go. But for those that can go it is enjoyable.,0,0,0,0,0,0,0,0,0,0,0,0,0,0,0,0,0,0,1,0,0
41,Fun and very enjoyable time.,0,0,0,0,0,0,0,0,0,0,0,0,0,0,0,0,0,0,0,0,0
42,because I'm satisfied,0,0,0,0,0,0,0,0,0,0,0,0,0,0,0,0,0,0,0,0,0
43,"Too much spent on things that don't matter to me and many others ( transit, LRT,)",0,1,0,0,0,0,0,0,0,0,0,0,0,0,0,0,0,0,0,0,0
44,100 million dollars on bike lanes?? This council has been led down the wrong path.,0,0,0,0,0,0,0,0,0,0,0,0,0,0,0,0,0,0,0,0,1
45,there are needs for more services,0,0,0,0,0,0,0,0,0,0,0,0,0,0,0,0,0,0,0,0,0
46,Havent attended anything recently,0,0,0,0,0,0,0,0,0,0,0,0,0,0,0,0,0,0,0,0,0
47,No school or transit in our area,0,1,0,0,0,0,0,0,0,0,0,0,0,0,1,0,0,0,0,0,0
48,need more events in urban neighborhoods,0,0,0,0,0,0,0,0,0,0,0,0,0,0,0,0,0,0,1,0,0
49,"I would have indicated ""very satisfied"" if not for stupid projects such as the funicular. And don't get me started on the talus balls.",0,0,0,0,0,0,0,0,0,0,0,0,0,0,0,0,0,0,0,0,1
50,I'm most interested in rec centres go exercise purposes but fees are expensive and not that convenient to hetvto,0,0,1,0,0,0,0,0,0,0,0,0,0,0,0,0,0,0,0,0,0
51,We just moved here yesterday!,0,0,0,0,0,0,0,0,0,0,0,0,0,0,0,0,0,0,0,0,0
52,dont pay attention,0,0,0,0,0,0,0,0,0,0,0,0,0,0,0,0,0,0,0,0,0
53,.,0,0,0,0,0,0,0,0,0,0,0,0,0,0,0,0,0,0,0,0,0
54,Previously answered in previous question.,0,0,0,0,0,0,0,0,0,0,0,0,0,0,0,0,0,0,0,0,0
55,Can drive safely on the roads. Don't see road rage.,0,0,0,0,1,1,0,0,0,0,0,0,0,0,0,0,0,0,0,0,0
56,"Lots going on, genuine attempts to improve of life even when they dont succeed",0,0,0,0,0,0,0,0,0,0,0,0,0,0,0,0,0,0,1,0,0
57,"For the most part I think the city overall provides good services. However, when it comes to transit ( particularly the LRT ) there needs to be security improvements and a public inquiry into Trans Ed.",0,1,0,0,0,0,0,0,0,0,0,0,0,0,0,0,0,0,0,1,0
58,I feel that the variety and cost of some programs does not meet my needs,0,0,0,0,0,0,0,0,0,0,0,0,0,0,0,0,0,0,0,0,0
59,"I use the library very regularly and transit occasionally. Other than that, do not use many services.",0,1,1,0,0,0,0,0,0,0,0,0,0,0,0,0,0,0,0,0,0
60,I don't involve myself in these things,0,0,0,0,0,0,0,0,0,0,0,0,0,0,0,0,0,0,0,0,0
61,Variety of entertainment venues and opportunities,0,0,0,0,0,0,0,0,0,0,0,0,0,0,0,0,0,0,1,0,0
62,Things are top notch,0,0,0,0,0,0,0,0,0,0,0,0,0,0,0,0,0,0,0,0,0
63,As previously mentioned.,0,0,0,0,0,0,0,0,0,0,0,0,0,0,0,0,0,0,0,0,0
64,I haven't done any concerts or gone to any functions the city has provided,0,0,0,0,0,0,0,0,0,0,0,0,0,0,0,0,0,0,1,0,0
65,Cost is always a factor,0,0,0,0,0,0,0,0,0,0,0,0,0,0,0,0,0,0,0,0,0
66,Lots of programs available,0,0,0,0,0,0,0,0,0,0,0,0,0,0,0,0,0,0,0,0,0
67,"Just find the LAP a joke. It doesn't actually benefit people who have worked a lifetime and retired with a low pension as they merely cross the threshold and thereby not qualified. Many who are qualified are immigrants who never worked or had to work, have a significant saving but have no actual income to be ""taxed"". The income proof does not say much. It is a rather unfair system to the sandwiched class!",0,0,0,0,0,0,0,0,0,0,0,0,0,0,1,0,0,0,0,0,0
68,"again, seniors are invisible to City Hall. All you do is raise taxes while services decrease",0,0,0,0,0,0,0,0,0,0,0,0,1,0,0,0,1,0,0,0,0
69,I appreciate the efforts of city council to tackle homelessness.,0,0,0,0,0,0,1,0,0,0,0,0,0,0,0,0,0,0,0,0,1
70,The city is not maintaining city controlled areas but keeps promoting green areas. The planning dept. lacks the ability to foresee what is or will be needed for infrastructure for the near future.,0,0,0,0,0,0,0,0,0,0,0,0,0,0,0,0,0,0,0,0,0
71,Sick of the money poured o to woke bullshit.,0,0,0,0,0,0,0,0,0,0,0,0,0,0,0,0,0,0,0,0,1
72,I feel that is how I feel about it.,0,0,0,0,0,0,0,0,0,0,0,0,0,0,0,0,0,0,0,0,0
73,Don't need many of activities offered by the city,0,0,0,0,0,0,0,0,0,0,0,0,0,0,0,0,0,0,0,0,0
74,"Increasing concerns regarding the increasing costs of living in Edmonton, including municipal taxes increasing - in my case - by over 4.3%% per year on average going back to 2012 to 2023; the increasing frequency of homeless people, trespassers, and criminals (doing property damage, break-ins and thefts) in my Southgate area neighborhood; increasing random attacks and violence in public places (such as transit stations and parking lots). Municipal council has a poor sense of priorities and lacks budgetary cost control. The City municipal government and most of its departments are extremity cost inefficient.",0,0,0,0,1,0,1,0,0,0,0,0,0,0,0,0,1,0,0,0,1
75,I do not take part in that type of entertainment,0,0,0,0,0,0,0,0,0,0,0,0,0,0,0,0,0,0,1,0,0
76,I enjoy using the libraries in Edmonton. There is an abscence of indoor swimming pools in Edmonton.,0,0,1,0,0,0,0,0,0,0,0,0,0,0,0,0,0,0,0,0,0
77,"good amount and variety of services, facilities and entertainment.",0,0,0,0,0,0,0,0,0,0,0,0,0,0,0,0,0,0,1,0,0
78,"Nothing speciall,",0,0,0,0,0,0,0,0,0,0,0,0,0,0,0,0,0,0,0,0,0
79,The help provided is still not enough,0,0,0,0,0,0,1,0,0,0,0,0,0,0,0,0,0,0,0,0,0
80,we can always improve and learn from other jurisdictions,0,0,0,0,0,0,0,0,0,0,0,0,0,0,0,0,0,0,0,0,0
81,"The City spends too much time/dollars dealing with a few social issues, such that the majority of Edmontonian are ignored.",0,0,0,0,0,0,1,0,0,0,0,0,0,0,0,0,0,0,0,0,1
82,"I am disappointed in the efforts of the city, but more importantly the province in the handling of homeless people, I realize that this is primarily a provincial matter but these poor people need more help and attention.",0,0,0,0,0,0,1,0,0,0,0,0,0,0,0,0,0,0,0,0,1
83,I thoroughly enjoyed my time,0,0,0,0,0,0,0,0,0,0,0,0,0,0,0,0,0,0,0,0,0
84,All I need is provided.,0,0,0,0,0,0,0,0,0,0,0,0,0,0,0,0,0,0,0,0,0
85,I feel some things are a big waste of tax payer money,0,0,0,0,0,0,0,0,0,0,0,0,0,0,0,0,1,0,0,0,0
86,The street lights in my neighbourhood are always burned out and / or partially out but yet the city does not install a new bulb.,0,0,0,0,0,1,0,0,0,0,0,0,0,0,0,0,0,0,0,0,0
87,just satisfied,0,0,0,0,0,0,0,0,0,0,0,0,0,0,0,0,0,0,0,0,0
88,Have all I need,0,0,0,0,0,0,0,0,0,0,0,0,0,0,0,0,0,0,0,0,0
89,Depends on what I'm going to see. Some museum experiences are great. Some concerts need work.,0,0,0,0,0,0,0,0,0,0,0,0,0,0,0,0,0,0,1,0,0
90,"Police, bylaw and 311 are slow to respond or reply to complaints or concerns. Both to the concerns or the event.",0,0,0,0,1,0,0,1,0,0,0,0,0,0,0,1,0,0,0,0,0
91,Getting expensive especially for seniors.,0,0,0,0,0,0,0,0,0,0,0,0,0,0,0,0,0,0,0,0,0
92,There is enough variety of things for people to do,0,0,0,0,0,0,0,0,0,0,0,0,0,0,0,0,0,0,0,0,0
93,"Well, cause you asked me..",0,0,0,0,0,0,0,0,0,0,0,0,0,0,0,0,0,0,0,0,0
94,"I have lived in other cities before and comparing them, here is better",0,0,0,0,0,0,0,0,0,0,0,0,0,0,0,0,0,0,0,0,0
95,All facilities are available.,0,0,1,0,0,0,0,0,0,0,0,0,0,0,0,0,0,0,0,0,0
96,I feel like since COVID a lot of the festivals haven't been as good as they used to.,0,0,0,0,0,0,0,0,0,0,0,0,0,0,0,0,0,0,0,0,0
97,There are always better options,0,0,0,0,0,0,0,0,0,0,0,0,0,0,0,0,0,0,0,0,0
98,The quality of services offered is reasonable,0,0,0,0,0,0,0,0,0,0,0,0,0,0,0,0,0,0,0,0,0
99,There is a lot of variety,0,0,0,0,0,0,0,0,0,0,0,0,0,0,0,0,0,0,0,0,0
100,i say somewhat because i feel like the quality of life in edmonton can improve. Starting off with homelessness within our community and the discrimination they face.,0,0,0,0,0,0,1,0,0,0,0,0,0,0,0,0,0,0,0,0,0
101,"I don't see any major updates to our family centre's exhibits, we could use more nature surrounding our city. Better placement of public parking.",0,0,1,0,0,0,0,0,0,0,0,0,0,0,0,0,0,0,0,0,0
102,i'm somewhat satisfied,0,0,0,0,0,0,0,0,0,0,0,0,0,0,0,0,0,0,0,0,0
103,I just don't feel fully satisfied. There could be more opportunity.,0,0,0,0,0,0,0,0,0,0,0,0,0,0,0,0,0,0,0,0,0
104,I've taken part in work out classes at the city gym and attended classes at the library that have been great,0,0,1,0,0,0,0,0,0,0,0,0,0,0,0,0,0,0,0,0,0
105,They're underfunded and what funding they are getting is not being allocated in beneficial ways. Ex building new LRT when that funding should be helping make the existing LRT lines safe to use,0,1,0,0,0,0,0,0,0,0,0,0,0,0,0,0,0,0,0,0,0
106,"I'm not sure what specific ""programs and services"" Edmonton offers!",0,0,0,0,0,0,0,0,0,0,0,0,0,0,0,0,0,0,0,0,0
107,Very interesting and good,0,0,0,0,0,0,0,0,0,0,0,0,0,0,0,0,0,0,0,0,0
108,good,0,0,0,0,0,0,0,0,0,0,0,0,0,0,0,0,0,0,0,0,0
109,My experiences have not been bad,0,0,0,0,0,0,0,0,0,0,0,0,0,0,0,0,0,0,0,0,0
110,Because it's better than before,0,0,0,0,0,0,0,0,0,0,0,0,0,0,0,0,0,0,0,0,0
111,Rec centres are easily accessible and have wide range of services,0,0,1,0,0,0,0,0,0,0,0,0,0,0,0,0,0,0,0,0,0
112,Its good enough,0,0,0,0,0,0,0,0,0,0,0,0,0,0,0,0,0,0,0,0,0
113,I believe there is always room for improvement,0,0,0,0,0,0,0,0,0,0,0,0,0,0,0,0,0,0,0,0,0
114,not inclusive,0,0,0,0,0,0,0,0,0,0,0,0,0,0,0,0,0,0,0,0,0
115,There are a variety of activities in the summer but not as many in the winter,0,0,1,0,0,0,0,0,0,0,0,0,0,0,0,0,0,0,0,0,0
116,There is a variety of events held which cater to varying age and racial groups.,0,0,0,0,0,0,0,0,0,0,0,0,0,0,0,0,0,0,1,0,0
117,I am somewhat satisfied with the programs and services because I am not really satisfied as I think the city can do better however I am good with the services available at the moment,0,0,0,0,0,0,0,0,0,0,0,0,0,0,0,0,0,0,0,0,0
118,There a lot of activities but non I really enjoyed,0,0,0,0,0,0,0,0,0,0,0,0,0,0,0,0,0,0,0,0,0
119,I haven't really participated in programs of the city or have had the chance to do so.,0,0,0,0,0,0,0,0,0,0,0,0,0,0,0,0,0,0,0,0,0
120,They do their job by providing peace officers in schools and patrolling the city.,0,0,0,0,1,0,0,0,0,0,0,0,0,0,0,0,0,0,0,0,0
121,Because it's close and easy to use,0,0,0,0,0,0,0,0,0,0,0,0,0,0,0,0,0,0,0,0,0
122,It is convenient to meet everyone's needs,0,0,0,0,0,0,0,0,0,0,0,0,0,0,0,0,0,0,0,0,0
123,I like how many things there are to do in the spring through fall here,0,0,0,0,0,0,0,0,0,0,0,0,0,0,0,0,0,0,1,0,0
124,I am generally happy with the experiences that I have had.,0,0,0,0,0,0,0,0,0,0,0,0,0,0,0,0,0,0,0,0,0
125,Local programs and organizations are entertaining,0,0,0,0,0,0,0,0,0,0,0,0,0,0,0,0,0,0,0,0,0
126,Lots of services,0,0,0,0,0,0,0,0,0,0,0,0,0,0,0,0,0,0,0,0,0
127,I am satisfied,0,0,0,0,0,0,0,0,0,0,0,0,0,0,0,0,0,0,0,0,0
128,I go to the library a lot and nature centre. They are good.,0,0,1,0,0,0,0,0,0,0,0,0,0,0,0,0,0,0,0,0,0
129,Would love to see a more vibrant live music scene in edmonton.,0,0,0,0,0,0,0,0,0,0,0,0,0,0,0,0,0,0,1,0,0
130,I have a leisure access pass and find that it gives me access to a lot of different programs,0,0,0,0,0,0,0,0,0,0,0,0,0,0,1,0,0,0,0,0,0
131,well It probably because I can't offerd any of their places  at the end of the day,0,0,0,0,0,0,0,0,0,0,0,0,0,0,0,0,0,0,0,0,0
132,"poor mental health services, crazy waits at hospitals and they're little to no help",0,0,0,0,0,0,1,0,0,0,0,0,0,0,0,0,0,0,0,0,0
133,More needed in more places,0,0,0,0,0,0,0,0,0,0,0,0,0,0,0,0,0,0,0,0,0
134,Good variety of programs to align with different interests,0,0,0,0,0,0,0,0,0,0,0,0,0,0,0,0,0,0,0,0,0
135,The programs are limited,0,0,0,0,0,0,0,0,0,0,0,0,0,0,0,0,0,0,0,0,0
136,There are not enough programs for adults,0,0,0,0,0,0,0,0,0,0,0,0,1,0,0,0,0,0,0,0,0
137,Lots of fun events going on in the city especially summer time,0,0,0,0,0,0,0,0,0,0,0,0,0,0,0,0,0,0,1,0,0
138,"There is some things to do, but not a lot.",0,0,0,0,0,0,0,0,0,0,0,0,0,0,0,0,0,0,0,0,0
139,Lots of events and amenities,0,0,0,0,0,0,0,0,0,0,0,0,0,0,0,0,0,0,1,0,0
140,Limited options for people who work night shifts.,0,0,0,0,0,0,0,0,0,0,0,0,0,0,0,0,0,0,0,0,0
141,na,0,0,0,0,0,0,0,0,0,0,0,0,0,0,0,0,0,0,0,0,0
142,Too expensive,0,0,0,0,0,0,0,0,0,0,0,0,0,0,0,0,0,0,0,0,0
143,"I think everyone tries very hard to make it a great experience, be it festivals or events.",0,0,0,0,0,0,0,0,0,0,0,0,0,0,0,0,0,0,1,0,0
144,"Poor advertising, exprnsive",0,0,0,0,0,0,0,0,0,0,0,1,0,0,0,0,0,0,0,0,0
145,costs to high,0,0,0,0,0,0,0,0,0,0,0,0,0,0,0,0,0,0,0,0,0
146,I love this city,0,0,0,0,0,0,0,0,0,0,0,0,0,0,0,0,0,0,0,0,0
147,"They could be advertised better. They could also be larger and longer. Sometimes, they are not affordable.",0,0,0,0,0,0,0,0,0,0,0,1,0,0,0,0,0,0,0,0,0
148,I was able to visit places I wanted to.,0,0,0,0,0,0,0,0,0,0,0,0,0,0,0,0,0,0,0,0,0
149,"I feel edmotonians are given priority over other people ( PR, Tourist and Visitors) hence shows clear biasess.",0,0,0,0,0,0,0,0,0,0,0,0,0,0,0,0,0,0,0,0,0
150,The job fairs aren't so good,0,0,0,0,0,0,1,0,0,0,0,0,0,0,0,0,0,0,0,0,0
151,I feel that I could be better overall. I'm a few years I see it becoming better,0,0,0,0,0,0,0,0,0,0,0,0,0,0,0,0,0,0,0,0,0
152,Good standard of living,0,0,0,0,0,0,0,0,0,0,0,0,0,0,0,0,0,0,0,0,0
153,It is a safe place to live,0,0,0,0,1,0,0,0,0,0,0,0,0,0,0,0,0,0,0,0,0
154,Because it's not a bad thing,0,0,0,0,0,0,0,0,0,0,0,0,0,0,0,0,0,0,0,0,0
155,it has many places to go to to spend time with family or friends. there are many other good thing about Edmonton,0,0,0,0,0,0,0,0,0,0,0,0,0,0,0,0,0,0,1,0,0
156,"There are a wide range of public services, many measures have been taken to reduce carbon emissions and promote renewable energy, and economic growth has been promoted through public investment, creating more jobs for local businesses and residents.",0,0,0,0,0,0,0,0,0,0,0,0,0,0,0,0,0,0,0,0,0
157,Because it's kinda good but not good at the same time. i have this reasons because they need improvements.,0,0,0,0,0,0,0,0,0,0,0,0,0,0,0,0,0,0,0,0,0
158,No comments,0,0,0,0,0,0,0,0,0,0,0,0,0,0,0,0,0,0,0,0,0
159,i don't go out to much so i wouldn't have a strong opinion,0,0,0,0,0,0,0,0,0,0,0,0,0,0,0,0,0,0,0,0,0
160,Programs are good though wish there were more recreation options in central Edmonton,0,0,1,0,0,0,0,0,0,0,0,0,0,0,0,0,0,0,0,0,0
161,"I just dont care about Edmonton to much, i used too but not anymore.",0,0,0,0,0,0,0,0,0,0,0,0,0,0,0,0,0,0,0,0,0
162,Accessible services and affordable options,0,0,0,0,0,0,0,0,0,0,0,0,0,0,0,0,0,0,0,0,0
163,There could be more help and resources for the homeless and people in need,0,0,0,0,0,0,1,0,0,0,0,0,0,0,0,0,0,0,0,0,0
164,We use the recreation centres regularly and walk to various parks close to our home,0,0,1,1,0,0,0,0,0,0,0,0,0,0,0,0,0,0,0,0,0
165,...,0,0,0,0,0,0,0,0,0,0,0,0,0,0,0,0,0,0,0,0,0
166,I wish there was more comedy,0,0,0,0,0,0,0,0,0,0,0,0,0,0,0,0,0,0,1,0,0
167,"In my opinion, there are still lots of things to improve in Edmonton, especially the safety of commuters. Lots of homeless are staying in public transit in which some are doing unpleasant things.",0,1,0,0,1,0,1,0,0,0,0,0,0,0,0,1,0,0,0,0,0
168,"Because while I am getting some help with my standard of living through a program, but I think that's Alberta, not Edmonton. However, there are lots of amenities nearby. This city needs to be more accessible for people with disabilities.",0,0,0,0,0,0,1,0,0,0,0,0,0,0,0,0,0,0,0,0,0
169,Anything requires membership and they are expensive. So I don't participate if I don't have the money,0,0,0,0,0,0,0,0,0,0,0,0,0,0,0,0,0,0,0,0,0
170,"There are a number of facilities and events that take place, however on a limited budget with limited transit availability in my area it is very difficult to go out and experience these",0,1,1,0,0,0,0,0,0,0,0,0,0,0,0,0,0,0,1,0,0
171,Depending on which service we are talking about specifically some are a little better than others but for the most part I haven't been able to use many of the due to lack of money.,0,0,0,0,0,0,0,0,0,0,0,0,0,0,0,0,0,0,0,0,0
172,I'm barely surviving..,0,0,0,0,0,0,0,0,0,0,0,0,0,0,0,0,0,0,0,0,0
173,Good service.,0,0,0,0,0,0,0,0,0,0,0,0,0,0,0,0,0,0,0,0,0
174,because it feels so worth it,0,0,0,0,0,0,0,0,0,0,0,0,0,0,0,0,0,0,0,0,0
175,Great programs have few spaces available,0,0,0,0,0,0,0,0,0,0,0,0,0,0,0,0,0,0,0,0,0
176,I think they are fun but lsone are boring,0,0,0,0,0,0,0,0,0,0,0,0,0,0,0,0,0,0,0,0,0
177,We can always do better,0,0,0,0,0,0,0,0,0,0,0,0,0,0,0,0,0,0,0,0,0
178,"Our children have accessed many of the camps, libraries, facilities, etc.",0,0,1,0,0,0,0,0,0,0,0,0,0,0,1,0,0,0,0,0,0
179,I haven't visited anywhere as I'm poor and cannot go out.,0,0,0,0,0,0,0,0,0,0,0,0,0,0,0,0,0,0,0,0,0
180,I think Edmonton has a great variety of things to do.,0,0,0,0,0,0,0,0,0,0,0,0,0,0,0,0,0,0,0,0,0
181,"So much attractions and fun events to experience year round, especially the summer time.",0,0,0,0,0,0,0,0,0,0,0,0,0,0,0,0,0,0,1,0,0
182,"i know where to look to see if the events i want to attend are being offered, i have made myself familiar with the agencies that put on the events and i also volunteer my time",0,0,0,0,0,0,0,0,0,0,0,0,0,0,0,0,0,0,1,0,0
183,"Very expensive, and poor quality. Not worth the money",0,0,0,0,0,0,0,0,0,0,0,0,0,0,0,0,0,0,0,0,0
184,More programs could be made available at free or discounted rates,0,0,0,0,0,0,0,0,0,0,0,0,0,0,0,0,0,0,0,0,0
185,I've attended many good programs but some of the programs my children have been put into were mediocre,0,0,0,0,0,0,0,0,0,0,0,0,0,1,0,0,0,0,0,0,0
186,We have so many services and things to help people in times of need and we have affordable things to do al over the city. For the most part the city looks clean and well maintained,0,0,0,0,0,0,1,0,0,0,0,0,0,0,0,0,0,0,1,0,0
187,Don't really know what activities are,0,0,0,0,0,0,0,0,0,0,0,1,0,0,0,0,0,0,0,0,0
188,Crim,0,0,0,0,0,0,0,0,0,0,0,0,0,0,0,0,0,0,0,0,0
189,Safer recreations centres,0,0,1,0,0,0,0,0,0,0,0,0,0,0,0,0,0,0,0,0,0
190,"Resources are reserved for the wealthy and the poorest citizens, but if you're in between, you're ignored.",0,0,0,0,0,0,1,0,0,0,0,0,0,0,0,0,0,0,0,0,0
191,There's lots of events but parking is expensive and being out is dangerous,0,0,0,0,1,0,0,0,0,0,0,0,0,0,0,0,0,0,1,0,0
192,Haven't really looked into many programs here. But there is always a wide variety of events happening,0,0,0,0,0,0,0,0,0,0,0,0,0,0,0,0,0,0,1,0,0
193,I feel it is good but compared to other cities and for being the capital of Alberta it could be better.,0,0,0,0,0,0,0,0,0,0,0,0,0,0,0,0,0,0,0,0,0
194,none,0,0,0,0,0,0,0,0,0,0,0,0,0,0,0,0,0,0,0,0,0
195,no particularly serious effects,0,0,0,0,0,0,0,0,0,0,0,0,0,0,0,0,0,0,0,0,0
196,The residents are friendly and the overall environmental quality is good,0,0,0,0,0,0,0,0,0,0,0,0,0,0,0,0,0,0,0,0,0
197,Edmonton has a lot of things to offer for people of all ages and ethnicity,0,0,0,0,0,0,0,0,0,0,0,0,0,0,0,0,0,0,0,0,0
198,"I feel safe when using transit, however uncomfortable when I see people using drugs inside public train stations. They need more security",0,1,0,0,1,0,0,0,0,0,0,0,0,0,0,0,0,0,0,0,0
199,The overall feeling is not bad,0,0,0,0,0,0,0,0,0,0,0,0,0,0,0,0,0,0,0,0,0
200,There are a wide variety of services in Edmonton for everyone to have a good quality of life,0,0,0,0,0,0,0,0,0,0,0,0,0,0,0,0,0,0,0,0,0
201,"Build a beautiful home, people have a place to live, a harmonious and beautiful life",1,0,0,0,0,0,0,0,0,0,0,0,0,0,0,0,0,0,0,0,0
202,No reason really,0,0,0,0,0,0,0,0,0,0,0,0,0,0,0,0,0,0,0,0,0
203,good service,0,0,0,0,0,0,0,0,0,0,0,0,0,0,0,0,0,0,0,0,0
204,Not really,0,0,0,0,0,0,0,0,0,0,0,0,0,0,0,0,0,0,0,0,0
205,No personal experience,0,0,0,0,0,0,0,0,0,0,0,0,0,0,0,0,0,0,0,0,0
206,"There are definitely a number of festivals and other activities/events that take place in the city, even if I don't frequently attend then.",0,0,0,0,0,0,0,0,0,0,0,0,0,0,0,0,0,0,1,0,0
207,I have had wonderful services provided especially during my post partum period.,0,0,0,0,0,0,1,0,0,0,0,0,0,0,0,0,0,0,0,0,0
208,"Overall, I feel like it's a very safe place to live. It's Clean and a great place to visit",0,0,0,0,1,0,0,0,0,0,0,0,0,0,0,0,0,0,0,0,0
209,"I heard a lot of Homicide incidents, A lot of road accidents are happening.",0,0,0,0,1,0,0,0,0,0,0,0,0,0,0,1,0,0,0,0,0
210,I DID NOT HEAR ANYTHING BAD ABOUT EDMONTON.,0,0,0,0,0,0,0,0,0,0,0,0,0,0,0,0,0,0,0,0,0
211,VERY GOOD AND SAFE CITY,0,0,0,0,1,0,0,0,0,0,0,0,0,0,0,0,0,0,0,0,0
212,Lots of concerts cultural programs. Lots of things to do,0,0,0,0,0,0,0,0,0,0,0,0,0,0,0,0,0,0,1,0,0
213,"Due to covid, I haven't had the opportunity to experience much since moving here but what I did experience was lovely, well executed, organized and planned.",0,0,0,0,0,0,0,0,0,0,0,0,0,0,0,0,0,0,0,0,0
214,I just feel happy,0,0,0,0,0,0,0,0,0,0,0,0,0,0,0,0,0,0,0,0,0
215,Good be refined but there are a lot of things to do.,0,0,0,0,0,0,0,0,0,0,0,0,0,0,0,0,0,0,0,0,0
216,Because I do not personally partake in or know of any programs in the city so I'm not qualified to answer this question.,0,0,0,0,0,0,0,0,0,0,0,0,0,0,0,0,0,0,0,0,0
217,Safe place to live and to raise my children.,0,0,0,0,1,0,0,0,0,0,0,0,0,0,0,0,0,0,0,0,0
218,No particular reasons,0,0,0,0,0,0,0,0,0,0,0,0,0,0,0,0,0,0,0,0,0
219,I only just moved here,0,0,0,0,0,0,0,0,0,0,0,0,0,0,0,0,0,0,0,0,0
220,I said somewhat because I don't access everything they have to offer just out of lack of personal interest,0,0,0,0,0,0,0,0,0,0,0,0,0,0,0,0,0,0,0,0,0
221,more events should held in the winter months too,0,0,0,0,0,0,0,0,0,0,0,0,0,0,0,0,0,0,1,0,0
222,so many homeless people,0,0,0,0,0,0,1,0,0,0,0,0,0,0,0,0,0,0,0,0,0
223,There many activities but spots are very limited and can get expensive,0,0,0,0,0,0,0,0,0,0,0,0,0,0,0,0,0,0,0,0,0
224,Like all festivals,0,0,0,0,0,0,0,0,0,0,0,0,0,0,0,0,0,0,1,0,0
225,Because I'm content with where we live and how much services is available near us,0,0,0,0,0,0,0,0,0,0,0,0,0,0,0,0,0,0,0,0,0
226,"I am not much outgoing, so I expect some individual activities as well.",0,0,0,0,0,0,0,0,0,0,0,0,0,0,0,0,0,0,0,0,0
227,everything about it,0,0,0,0,0,0,0,0,0,0,0,0,0,0,0,0,0,0,0,0,0
228,"Snow removal is okay, green bin and composting excellent, striving for energy efficiency and supporting solar farms for wastewater plant, etc.",0,0,0,0,0,1,0,0,1,1,0,0,0,0,0,0,0,0,0,0,0
229,Some events are way too busy or poorly planned,0,0,0,0,0,0,0,0,0,0,0,0,0,0,0,0,0,0,1,0,0
230,I think more orientation is needed.,0,0,0,0,0,0,0,1,0,0,0,0,0,0,0,0,0,0,0,0,0
231,I can't think of a reason but I'm somewhat satisfied,0,0,0,0,0,0,0,0,0,0,0,0,0,0,0,0,0,0,0,0,0
232,"Seen some disorganized things - like the playoff area, people taking over and running through the fences. The city seems to react, rather than be proactive.",0,0,1,0,0,0,0,0,0,0,0,0,0,0,0,0,0,0,0,0,1
233,Largely they're great and accessible for everyone,0,0,0,0,0,0,0,0,0,0,0,0,0,0,0,0,0,0,0,0,0
234,I am sure ther are umprovements that could be made but I am satisfied.,0,0,0,0,0,0,0,0,0,0,0,0,0,0,0,0,0,0,0,0,0
235,No comments,0,0,0,0,0,0,0,0,0,0,0,0,0,0,0,0,0,0,0,0,0
236,Is well informed the event which when we reach on the place i already close,0,0,0,0,0,0,0,1,0,0,0,0,0,0,0,0,0,0,0,0,0
237,No,0,0,0,0,0,0,0,0,0,0,0,0,0,0,0,0,0,0,0,0,0
238,"Not much to see as tourist spot in Edmonton, establishments are usually close early. Not much malls, food industry business",0,0,0,0,0,0,0,0,0,0,0,0,0,0,0,0,0,0,1,0,0
239,I feel that Edmonton is not doing enough for the homeless people of Edmonton. Which they need home's provided for them instead of moving them from one district to another. That does not solve any problems for them. Not all homeless people are bad either. Give them a chance at live to.,1,0,0,0,0,0,1,0,0,0,0,0,0,0,0,0,0,0,0,0,0
240,Lots of areas of interest in Edmonton,0,0,0,0,0,0,0,0,0,0,0,0,0,0,0,0,0,0,0,0,0
241,Covid,0,0,0,0,0,0,0,0,0,0,0,0,0,0,0,0,0,0,0,0,0
242,I find there is lots to do or see in Edmonton.,0,0,0,0,0,0,0,0,0,0,0,0,0,0,0,0,0,0,0,0,0
243,Not sure what there is or there is nothing that interests me,0,0,0,0,0,0,0,0,0,0,0,0,0,0,0,0,0,0,0,0,0
244,"poorly organized, no structure or forethought given, terrible locations more events should be positioned in the burbs rather than downtown would provide greater accessibility and decongested downtown area.",0,0,0,0,0,0,0,0,0,0,0,0,0,0,0,0,0,0,1,0,1
245,Most are way too expensive information is not passed on about free art galleries days or other activities you need to stumble on them parks are not safe the city does a poor job of listing names of parks and bridges they assume everyone knows communication is not a strong suit,0,0,0,0,1,0,0,1,0,0,0,1,0,0,0,0,0,0,0,0,0
246,Lots of entertainment and free activities available,0,0,0,0,0,0,0,0,0,0,0,0,0,0,0,0,0,0,1,0,0
247,There is so much to see and do that life isn't boring.,0,0,1,0,0,0,0,0,0,0,0,0,0,0,1,0,0,0,1,0,0
248,"I think the city doesn't advertise their events enough. Perhaps I'm not connected enough with social media, but that is a problem too.",0,0,0,0,0,0,0,0,0,0,0,0,0,0,0,0,0,0,0,1,0
249,Cost. With the increase in my property tax I am left with limited income (I am a senior) to use towards other aspects of living,0,0,0,0,0,0,0,0,0,0,0,0,0,0,0,0,1,0,0,0,0
250,As I said my recent experience with a home invasion has drastically change my opinion of Edmonton,0,0,0,0,1,0,0,0,0,0,0,0,0,0,0,0,0,0,0,0,0
251,There is so much available to residents related to most anything you can think of like physical activities and arts. It great!,0,0,1,0,0,0,0,0,0,0,0,0,0,0,0,0,0,0,1,0,0
252,"Find learn to swim programs to be great. Upkeep of city parks could be improved upon. Last time I ventured downtown I did not enjoy it - dirty with garbage, hunted for free parking on a Sunday.",0,0,1,1,0,0,0,0,0,0,0,0,0,0,0,0,0,1,0,0,0
253,There are a good variety of programs and activities available in Edmonton.,0,0,0,0,0,0,0,0,0,0,0,0,0,0,0,0,0,0,1,0,0
254,Everything I need is here,0,0,0,0,0,0,0,0,0,0,0,0,0,0,0,0,0,0,0,0,0
255,"Have not been to various programs, concerts, etc.",0,0,0,0,0,0,0,0,0,0,0,0,0,0,0,0,0,0,1,0,0
256,Just disappointed that there are no ways to find out anything other than social media,0,0,0,0,0,0,0,0,0,0,0,1,0,0,0,0,0,0,0,0,0
257,I'm aware of the activities within and around my community. I feel informed and can choose whether or not to participate,0,0,0,0,0,0,0,1,0,0,0,0,0,0,0,0,0,0,0,0,0
258,I think the city could do more for seniors.,0,0,0,0,0,0,0,0,0,0,0,0,1,0,0,0,0,0,0,0,0
259,Seems to be lots to do here if you have someone to go with.,0,0,0,0,0,0,0,0,0,0,0,0,0,0,0,0,0,0,0,0,0
260,dont go anywhere or place to interact with many people,0,0,0,0,0,0,0,0,0,0,0,0,0,0,0,0,0,0,0,0,0
261,"We have great festivals, library, galleries, museum and outdoor space for families to enjoy for no cost.",0,0,0,0,0,0,0,0,0,0,0,0,0,0,1,0,0,0,1,0,0
262,I enjoy the parks and recreation facilities,0,0,1,1,0,0,0,0,0,0,0,0,0,0,0,0,0,0,0,0,0
263,Too crowded,0,0,0,0,0,0,0,0,0,0,0,0,0,0,0,0,0,0,0,0,0
264,Do not know of them or how to find information about them,0,0,0,0,0,0,0,0,0,0,0,1,0,0,0,0,0,0,0,0,0
265,Resources are somewhat available,0,0,0,0,0,0,0,0,0,0,0,0,0,0,0,0,0,0,0,0,0
266,Am not able to attend many of the offerings that the city has due to mainly parking availability for handicapped people,0,0,0,0,0,0,0,0,0,0,0,0,0,0,0,0,0,0,0,0,0
267,I find all of these activities to be too expensive for the average person to access.,0,0,0,0,0,0,0,0,0,0,0,0,0,0,0,0,0,0,0,0,0
268,Edmonton is a festival and cultural city,0,0,0,0,0,0,0,0,0,0,0,0,0,0,0,0,0,0,1,0,0
269,That was covered in my previous comments,0,0,0,0,0,0,0,0,0,0,0,0,0,0,0,0,0,0,0,0,0
270,i/ havnt/ had/ to/ use/ any,0,0,0,0,0,0,0,0,0,0,0,0,0,0,0,0,0,0,0,0,0
271,To enjoy many of the events the city has to offer we have to feel safe and each day being safe seems to be slipping further from us,0,0,0,0,1,0,0,0,0,0,0,0,0,0,0,0,0,0,1,0,0
272,It costs to attend functions,0,0,0,0,0,0,0,0,0,0,0,0,0,0,0,0,0,0,1,0,0
273,I don't necessarily use any programs and I feel they are always cutting said programs. They really need to think about people that are in need of these,0,0,0,0,0,0,1,0,0,0,0,0,0,0,0,0,0,0,0,0,0
274,I feel that there s lots to do. Just have to get up and do it.,0,0,0,0,0,0,0,0,0,0,0,0,0,0,0,0,0,0,0,0,0
275,Lots of cultural events to attend!!!,0,0,0,0,0,0,0,0,0,0,0,0,0,0,0,0,0,0,1,0,0
276,Don't really care what is offered on Edmonton. Usually find out about events after they happen.,0,0,0,0,0,0,0,0,0,0,0,1,0,0,0,0,0,0,0,0,0
277,options are readily available although i have not recently attended. i am restricted now as i am caregiver for my elderly mother,0,0,0,0,0,0,0,0,0,0,0,0,0,0,0,0,0,0,0,0,0
278,priorities of council seem to be misguided,0,0,0,0,0,0,0,0,0,0,0,0,0,0,0,0,0,0,0,0,1
279,Good satisfaction,0,0,0,0,0,0,0,0,0,0,0,0,0,0,0,0,0,0,0,0,0
280,Air quality is not good and the price of groceries are higher than previous year,0,0,0,0,0,0,0,0,0,0,0,0,0,0,0,0,0,0,0,0,0
281,Fun,0,0,0,0,0,0,0,0,0,0,0,0,0,0,0,0,0,0,1,0,0
282,i like the way everything gets passed around,0,0,0,0,0,0,0,0,0,0,0,0,0,0,0,0,0,0,0,0,0
283,i have not had any issues when interacting with any services provided by the city of edmonton,0,0,0,0,0,0,0,0,0,0,0,0,0,0,0,0,0,0,0,0,0
284,The services proved by the city could be better'Â¦like the transit stations and buses.,0,1,0,0,0,0,0,0,0,0,0,0,0,0,0,0,0,0,0,0,0
285,"Ashish, cy becker,",0,0,0,0,0,0,0,0,0,0,0,0,0,0,0,0,0,0,0,0,0
286,"People can get to the service es they need, however affordability options prevents them from accessing them.",0,0,0,0,0,0,0,0,0,0,0,0,0,0,0,0,0,0,0,0,0
287,I liked the program but the environment was not safe. Predatory parking lots with machines that don't work or won't accept 95% of cards make getting towed or getting a ticket downtown is a very real possibility. It's crazy that yall scalp the people that support the communities activities behind paywalls for private companies. Disgusting.,0,0,0,0,0,0,0,0,0,0,0,0,0,0,1,0,0,0,0,0,0
288,"Cultural events help the community connect, however the events seem very unorganized, and in areas tougher to access without a car. Events should be centralized, for ie downtown, to make the downtown safer and more vibrant.",0,0,0,0,0,0,0,0,0,0,0,0,0,0,0,0,0,1,1,0,0
289,City has lots of work to do,0,0,0,0,0,0,0,0,0,0,0,0,0,0,0,0,0,0,0,0,1
290,I love so much,0,0,0,0,0,0,0,0,0,0,0,0,0,0,0,0,0,0,0,0,0
291,It's what I'm more satisfied with,0,0,0,0,0,0,0,0,0,0,0,0,0,0,0,0,0,0,0,0,0
292,Sometimes I find outsiders unfriendly,0,0,0,0,0,0,0,0,0,0,0,0,0,0,0,0,0,0,0,0,0
293,Edmonton is home to a wide range of job opportunities.,0,0,0,0,0,0,0,0,0,0,0,0,0,0,0,0,0,0,0,0,0
294,good experience,0,0,0,0,0,0,0,0,0,0,0,0,0,0,0,0,0,0,0,0,0
295,Operational management is not efficient enough.,0,0,0,0,0,0,0,0,0,0,0,0,0,0,0,0,0,0,0,0,1
296,I like this city very much.,0,0,0,0,0,0,0,0,0,0,0,0,0,0,0,0,0,0,0,0,0
297,"The overall service is still very good, and the service is still relatively in place",0,0,0,0,0,0,0,0,0,0,0,0,0,0,0,0,0,0,0,0,0
298,My friends and family are happy.,0,0,0,0,0,0,0,0,0,0,0,0,0,0,0,0,0,0,0,0,0
299,Sometimes the traffic is a little heavy,0,0,0,0,0,1,0,0,0,0,0,0,0,0,0,0,0,0,0,0,0
300,Edmonton is a multicultural city,0,0,0,0,0,0,0,0,0,0,0,0,0,0,0,0,0,0,0,0,0
301,"The city of Edmonton is home to a number of institutions of higher learning, providing quality educational resources.",0,0,0,0,0,0,0,0,0,0,0,0,0,0,1,0,0,0,0,0,0
302,Canada has magnificent natural landscapes and rich natural resources,0,0,0,0,0,0,0,0,0,0,0,0,0,0,0,0,0,0,0,0,0
303,I javent done anything,0,0,0,0,0,0,0,0,0,0,0,0,0,0,0,0,0,0,0,0,0
304,Inclusive culture that represents all walks of life,0,0,0,0,0,0,0,0,0,0,0,0,0,0,0,0,0,0,0,0,0
305,It is a very good place,0,0,0,0,0,0,0,0,0,0,0,0,0,0,0,0,0,0,0,0,0
306,The city can easily afford to put on more festivals for the LGBTQ as well as raise awareness for homelessness through festivals and fundraisers,0,0,0,0,0,0,1,0,0,0,0,0,0,0,0,0,0,0,1,0,0
307,It needs to improve on getting better businesses and attractions,0,0,0,0,0,0,0,0,0,0,0,0,0,0,0,0,0,0,1,0,0
308,Edmonton is starting to get expensive and the companies people work for don't take that into account and pay people less that they should earn.,0,0,0,0,0,0,0,0,0,0,0,0,0,0,0,0,0,0,0,0,0
309,Less jobs,0,0,0,0,0,0,0,0,0,0,0,0,0,0,0,0,0,0,0,0,0
310,"Edmonton is great city, jobs are rising, the city keeps developing. Only problem here is the unknown construction on every part of the city. It's one of the most annoying part in Edmonton the yearly construction of the highway and main roads. Which is understandable if your trying to fix the road but but every year there is always a new sidewalk or road that need to be done which cost people to get annoyed in traffic",0,0,0,0,0,1,0,0,0,0,0,0,0,0,0,1,0,0,0,0,0
311,Diverse programs for people of all ages and backgrounds,0,0,0,0,0,0,0,0,0,0,0,0,0,0,0,0,0,0,0,0,0
312,It is interesting for me,0,0,0,0,0,0,0,0,0,0,0,0,0,0,0,0,0,0,0,0,0
313,There's a lot of freedom regarding the services in Edmonton. It's nice.,0,0,0,0,0,0,0,0,0,0,0,0,0,0,0,0,0,0,0,0,0
314,Just generally I feel disrespected by the bus drivers as the cut me off,0,1,0,0,0,0,0,0,0,0,0,0,0,0,0,0,0,0,0,0,0
315,Because there are still inconveniences in life,0,0,0,0,0,0,0,0,0,0,0,0,0,0,0,0,0,0,0,0,0
316,The city government has worked hard to create a very harmonious city for us.,0,0,0,0,0,0,0,0,0,0,0,0,0,0,0,0,0,0,0,0,1
317,"The programs/services I use (libraries, transit, sidewalks, parks) are all good. I can't speak about other services. Overall for me service are good.",0,0,1,1,0,1,0,0,0,0,0,0,0,0,0,0,0,0,0,0,0
318,Amenities are there but not sufficient,0,0,0,0,0,0,0,0,0,0,0,0,0,0,0,0,0,0,0,0,0
319,I wasn't completely satisfied as to say I was a 10/10 so I believe satisfied works for me,0,0,0,0,0,0,0,0,0,0,0,0,0,0,0,0,0,0,0,0,0
320,I feel the quality.,0,0,0,0,0,0,0,0,0,0,0,0,0,0,0,0,0,0,0,0,0
321,Because there is all kinds of outreach programs if needed,0,0,0,0,0,0,1,0,0,0,0,0,0,0,0,0,0,0,0,0,0
322,"Few entretement, expensive prices, less communication about activities",0,0,0,0,0,0,0,0,0,0,0,0,0,0,0,0,0,0,1,1,0
323,There have been lots of activities downtown already this summer and they were all lovely.,0,0,0,0,0,0,0,0,0,0,0,0,0,0,0,0,0,1,0,0,0
324,"there are arts programs available in the downtown area along with two sports teams in the city, one of which provides a lot of entertainment",0,0,0,0,0,0,0,0,0,0,0,0,0,0,0,0,0,1,0,0,0
325,Things like affordable bus and train passes are easily attainable. Everything is within walking distance and the business owners are working very hard along side the EPS to help clean it up here,0,1,0,0,1,0,0,0,0,0,0,0,0,0,0,0,0,0,0,0,0
326,I don't know,0,0,0,0,0,0,0,0,0,0,0,0,0,0,0,0,0,0,0,0,0
327,I'm not entirely sure.,0,0,0,0,0,0,0,0,0,0,0,0,0,0,0,0,0,0,0,0,0
328,I believe there needs to be more services that are set up to address and deal with the homeless/substance abuse issue that appears to be more visible and getting out of hand.,0,0,0,0,0,0,1,0,0,0,0,0,0,0,0,0,0,0,0,0,0
329,"I haven't lived in Edmonton long, so I'm not too familiar with all of the programs offered.",0,0,0,0,0,0,0,0,0,0,0,0,0,0,0,0,0,0,0,0,0
330,because it became somehow of a business revenue where parking becomes more expensive and attractions fee are high,0,0,0,0,0,0,0,0,0,0,0,0,0,0,0,0,0,0,1,0,0
331,Lots to do,0,0,0,0,0,0,0,0,0,0,0,0,0,0,0,0,0,0,0,0,0
332,"I haven't experienced a lot of different services (as I've only lived here since August 2022), but what I have seen/experienced is okay.",0,0,0,0,0,0,0,0,0,0,0,0,0,0,0,0,0,0,0,0,0
333,not really relatable,0,0,0,0,0,0,0,0,0,0,0,0,0,0,0,0,0,0,0,0,0
334,"I don't use many programmes in Edmonton so I can't say overall what I think of the programmes offered by Edmonton, but the ones I have used have met my needs.",0,0,0,0,0,0,0,0,0,0,0,0,0,0,0,0,0,0,0,0,0
335,I like the pools and updated rec centre at Commonwealth,0,0,1,0,0,0,0,0,0,0,0,0,0,0,0,0,0,0,0,0,0
336,Makes me feel good,0,0,0,0,0,0,0,0,0,0,0,0,0,0,0,0,0,0,0,0,0
337,"Basic infrastructure is complete, very convenient.",0,0,0,0,0,0,0,0,0,0,0,0,0,0,0,0,0,0,0,0,0
338,It's also pretty low,0,0,0,0,0,0,0,0,0,0,0,0,0,0,0,0,0,0,0,0,0
339,I feel very comfortable here,0,0,0,0,0,0,0,0,0,0,0,0,0,0,0,0,0,0,0,0,0
340,The overall atmosphere and process are better,0,0,0,0,0,0,0,0,0,0,0,0,0,0,0,0,0,0,0,0,0
341,There is no racial discrimination.,0,0,0,0,0,0,0,0,0,0,0,0,0,0,0,0,0,0,0,0,0
342,Because I'm happy living here.,0,0,0,0,0,0,0,0,0,0,0,0,0,0,0,0,0,0,0,0,0
343,perfect,0,0,0,0,0,0,0,0,0,0,0,0,0,0,0,0,0,0,0,0,0
344,feel comfortable.,0,0,0,0,0,0,0,0,0,0,0,0,0,0,0,0,0,0,0,0,0
345,no reason,0,0,0,0,0,0,0,0,0,0,0,0,0,0,0,0,0,0,0,0,0
346,I do not take advantage of a lot of these services,0,0,0,0,0,0,0,0,0,0,0,0,0,0,0,0,0,0,0,0,0
347,Decent programs available.,0,0,0,0,0,0,0,0,0,0,0,0,0,0,0,0,0,0,0,0,0
348,Because they Edmonton always try the best to make Edmontonian comfortable,0,0,0,0,0,0,0,0,0,0,0,0,0,0,0,0,0,0,0,0,0
349,The city is going downhill,0,0,0,0,0,0,0,0,0,0,0,0,0,0,0,0,0,0,0,0,1
350,not enough amenities for north end residents,0,0,1,0,0,0,0,0,0,0,0,0,0,0,0,0,0,0,1,0,0
351,I feel there is a lot of room for improvement.,0,0,0,0,0,0,0,0,0,0,0,0,0,0,0,0,0,0,0,0,0
352,We took our children to sn event organized by EPL it was fun',0,0,0,0,0,0,0,0,0,0,0,0,0,1,0,0,0,0,0,0,0
353,Ok,0,0,0,0,0,0,0,0,0,0,0,0,0,0,0,0,0,0,0,0,0
354,The city needs to work on making all people safe.,0,0,0,0,1,0,0,0,0,0,0,0,0,0,0,0,0,0,0,0,0
355,I haven't had any issues going to Edmonton festivities.,0,0,0,0,0,0,0,0,0,0,0,0,0,0,0,0,0,0,1,0,0
356,"I haven't accessed many, other than ETS. I have felt safe on the bus/LRT.",0,1,0,0,0,0,0,0,0,0,0,0,0,0,0,0,0,0,0,0,0
357,The city has done nothing except hide issues and denial. Sad what has become of this city,0,0,0,0,0,0,0,0,0,0,0,0,0,0,0,0,0,0,0,0,1
358,Well I went to the zoo and it was pretty hurting and I guess there is some good Parks here water parks and stuff where I take my kids and outside parts,0,0,1,1,0,0,0,0,0,0,0,0,0,0,0,0,0,0,0,0,0
359,Very clean city,0,0,0,0,0,0,0,0,0,0,0,0,0,0,0,0,0,0,0,0,0
360,I don't access many of them myself but my wife and I have seen the various options and many are creative and appealing in their own way.,0,0,0,0,0,0,0,0,0,0,0,0,0,0,0,0,0,0,0,0,0
361,No value in what they provide.,0,0,0,0,0,0,0,0,0,0,0,0,0,0,0,0,0,0,0,0,0
362,I think that there should be more thing for people in wheel chairs,0,0,0,0,0,0,0,0,0,0,0,0,0,0,0,0,0,0,0,0,0
363,There's always something to do but most stuff cost a lot of money someone like me can only afford to some stuff once in awhile I have 4 kids if and no money left after I pay my bills.,0,0,0,0,0,0,0,0,0,0,0,0,0,0,0,0,0,0,0,0,0
364,The overall experience is very good,0,0,0,0,0,0,0,0,0,0,0,0,0,0,0,0,0,0,0,0,0
365,I think it can go up,0,0,0,0,0,0,0,0,0,0,0,0,0,0,0,0,0,0,0,0,0
366,"I still want to say that I am proud of my city, I have not seen discrimination, the city is getting better and better",0,0,0,0,0,0,0,0,0,0,0,0,0,0,0,0,0,0,0,0,0
367,Because I think Edmonton is a very harmonious and beautiful place.,0,0,0,0,0,0,0,0,0,0,0,0,0,0,0,0,0,0,0,0,0
368,"None of the service I use have gotten better, just more expensive.",0,0,0,0,0,0,0,0,0,0,0,0,0,0,0,0,0,0,0,0,0
369,all good,0,0,0,0,0,0,0,0,0,0,0,0,0,0,0,0,0,0,0,0,0
370,Meets my current needs,0,0,0,0,0,0,0,0,0,0,0,0,0,0,0,0,0,0,0,0,0
371,Program are satisfying,0,0,0,0,0,0,0,0,0,0,0,0,0,0,0,0,0,0,0,0,0
372,its cool for me,0,0,0,0,0,0,0,0,0,0,0,0,0,0,0,0,0,0,0,0,0
373,I enjoy Edmonton and what it offers but I sometimes feel more could be done but I am concerned with the extra attention special interest groups receive for funding etc - funding should be more evenly distributed. Squeaky wheels too often get the grease.,0,0,0,0,0,0,0,0,0,0,0,0,0,0,0,0,0,0,0,0,0
374,I can't afford to participate in many leisure programs offered by the city as they are too expensive for me!,0,0,0,0,0,0,0,0,0,0,0,0,0,0,0,0,0,0,0,0,0
375,child has been in several programs and they generally aren't great,0,0,0,0,0,0,0,0,0,0,0,0,0,1,0,0,0,0,0,0,0
376,The bus route in my area has been eliminated causing limits to accessing events,0,1,0,0,0,0,0,0,0,0,0,0,0,0,0,0,0,0,1,0,0
377,because of my limited income I can not enjoy whatever the city programs are offering.,0,0,0,0,0,0,0,0,0,0,0,0,0,0,0,0,0,0,0,0,0
378,Very trustworthy,0,0,0,0,0,0,0,0,0,0,0,0,0,0,0,0,0,0,0,0,0
379,"I don't access or use many services other than a rec center and transit every now and then. Other than that, I see a lot of infrastructure and facilities that require maintenance and repairs that I don't use. Not sure if the money spent is wise or efficiently used.",0,0,0,0,0,0,0,0,0,0,0,0,0,0,0,0,0,0,0,0,0
380,I have no comment.,0,0,0,0,0,0,0,0,0,0,0,0,0,0,0,0,0,0,0,0,0
381,Everything my family needs is right here and hopefully city officials continue to try to improve the quality of things too,0,0,0,0,0,0,0,0,0,0,0,0,0,0,0,0,0,0,0,0,1
382,They do nothing with the road repair and snow removal,0,0,0,0,0,1,0,0,0,0,0,0,0,0,0,0,0,0,0,0,0
383,Edmonton needs more indoor arenas badly,0,0,1,0,0,0,0,0,0,0,0,0,0,0,0,0,0,0,0,0,0
384,Because I know where and who to stay away from. I limit my expectations. We are wrong to let 2% complain and get what they want at our expense.,0,0,0,0,1,0,0,0,0,0,0,0,0,0,0,0,0,0,0,0,1
385,"We can always have more ""music"" festivals and concerts.",0,0,0,0,0,0,0,0,0,0,0,0,0,0,0,0,0,0,1,0,0
386,Because all public and General activities are not always 100%,0,0,0,0,0,0,0,0,0,0,0,0,0,0,1,0,0,0,0,0,0
387,City hall seems to be juggling a lot and seems disorganized.,0,0,0,0,0,0,0,0,0,0,0,0,0,0,0,0,0,0,0,0,1
388,Lots of different programs offered,0,0,0,0,0,0,0,0,0,0,0,0,0,0,0,0,0,0,0,0,0
389,Council and the Mayor either aren't hearing citizen's complaints or they don't care.,0,0,0,0,0,0,0,0,0,0,0,0,0,0,0,0,0,0,0,0,1
390,Very good amenities,0,0,0,0,0,0,0,0,0,0,0,0,0,0,0,0,0,0,0,0,0
391,The city wasted a lot of money on the bike lane in the winter city and should improve the homeless people in downtown area,0,0,0,0,0,1,1,0,0,0,0,0,0,0,0,0,0,0,0,0,0
392,so many rules and restrictions that hard to enjoy a lot of activities,0,0,0,0,0,0,0,0,0,0,0,0,0,0,0,0,0,0,0,0,1
393,most services are too pricey,0,0,0,0,0,0,0,0,0,0,0,0,0,0,0,0,0,0,0,0,0
394,Rec Centres have insufficient parking( Londonderry),0,0,1,0,0,0,0,0,0,0,0,0,0,0,0,0,0,0,0,0,0
395,Because that's how I feel,0,0,0,0,0,0,0,0,0,0,0,0,0,0,0,0,0,0,0,0,0
396,could do better,0,0,0,0,0,0,0,0,0,0,0,0,0,0,0,0,0,0,0,0,0
397,"Don't like going downtown for any activities, parking issues.",0,0,0,0,0,0,0,0,0,0,0,0,0,0,0,0,0,1,0,0,0
398,safety still a concern,0,0,0,0,1,0,0,0,0,0,0,0,0,0,0,0,0,0,0,0,0
399,I have not attended any of the festivals in the last few years so I cannot be a good judge of them. I have enjoyed festivals in the past.,0,0,0,0,0,0,0,0,0,0,0,0,0,0,0,0,0,0,1,0,0
400,the summer festivals are second to none but with the increase in crime make me less will to take any form of transit to any of these event thus making me skip out on them,0,1,0,0,1,0,0,0,0,0,0,0,0,0,0,0,0,0,1,0,0
401,Have not used any programs.,0,0,0,0,0,0,0,0,0,0,0,0,0,0,0,0,0,0,0,0,0
402,"There is a wide variety of activities that continue to be offered, including those celebrating Pride and Indigenous groups.",0,0,0,0,0,0,0,0,0,0,0,0,0,0,0,0,0,0,1,0,0
403,"Although I have not attended any events offered, I know that they are available for me and my family when we have the time to attend....",0,0,0,0,0,0,0,0,0,0,0,0,0,0,0,0,0,0,1,0,0
404,There are many things to do in our city,0,0,0,0,0,0,0,0,0,0,0,0,0,0,0,0,0,0,0,0,0
405,Has all the amenities that I require. Enjoy the facilities in Edmonton.,0,0,1,0,0,0,0,0,0,0,0,0,0,0,0,0,0,0,0,0,0
406,Things could be better I feel to improve life quality.,0,0,0,0,0,0,0,0,0,0,0,0,0,0,0,0,0,0,0,0,0
407,"Just dont like our current counsel and Mayor. They are too set in there ways and overspend and do not stop spending on every thing small groups of people who have pet projects and want funding, funding and more funding!!!!",0,0,0,0,0,0,0,0,0,0,0,0,0,0,0,0,0,0,0,0,1
408,"Being on AISH, It can be difficult",0,0,0,0,0,0,0,0,0,0,0,0,0,0,0,0,0,0,0,0,0
409,Well as a kid I had lots to do but as an adult there's really not too much to do and I'm not really into sports but there is lots of things to do other than going to the bar or down some,0,0,1,0,0,0,0,0,0,0,0,0,0,1,0,0,0,0,1,0,0
410,Not happy with the promotion of events. Too often I hear of something after the fact,0,0,0,0,0,0,0,0,0,0,0,1,0,0,0,0,0,0,1,0,0
411,city to big,0,0,0,0,0,0,0,0,0,0,0,0,0,0,0,0,0,0,0,0,0
412,Generally good -- but most come from organizations like the Edmonton Symphony Orchestra,0,0,0,0,0,0,0,0,0,0,0,0,0,0,0,0,0,0,1,0,0
413,could be better,0,0,0,0,0,0,0,0,0,0,0,0,0,0,0,0,0,0,0,0,0
414,Some of the programs and services that the City provides are good value for taxpayers.,0,0,0,0,0,0,0,0,0,0,0,0,0,0,0,0,0,0,0,0,0
415,LRT DESTROYING THE WESTEND........5 MORE YEARS ???,0,1,0,0,0,0,0,0,0,0,0,0,0,0,0,0,0,0,0,0,0
416,because I'm somewhat (generally) satisfied DUH.,0,0,0,0,0,0,0,0,0,0,0,0,0,0,0,0,0,0,0,0,0
417,No particular reason,0,0,0,0,0,0,0,0,0,0,0,0,0,0,0,0,0,0,0,0,0
418,"There are lots of activities provided for citizens, year-round.",0,0,0,0,0,0,0,0,0,0,0,0,0,0,0,0,0,0,1,0,0
419,after covid nobobody wants to do their job they all want the money but not to do their job they will not get off their chair and help anyone which i find frustratingthe other day i was at a store to check my lottery tickets and asked the woman to please check them for me but she said there is a price checker thereand do it myself i will not not going back to starlight casino wem too damn lazy to help thank you,0,0,0,0,0,0,0,0,0,0,0,0,0,0,0,0,0,0,0,0,0
420,Pleased with services offe Red by city.,0,0,0,0,0,0,0,0,0,0,0,0,0,0,0,0,0,0,0,0,0
421,Good facilities We are not a major world city and need to plan/work within a reasonable context.,0,0,1,0,0,0,0,0,0,0,0,0,0,0,0,0,0,0,0,0,0
422,"snow ""removal....."" streets ""cleaning""... transit..... ever increasing taxes but we see nothing of substance ... only money wasted on lame priorities",0,1,0,0,0,1,0,0,0,0,0,0,0,0,0,0,1,0,0,0,1
423,There is a lot to do for all people in this city if they want to.,0,0,0,0,0,0,0,0,0,0,0,0,0,0,0,0,0,0,0,0,0
424,Don't use much.,0,0,0,0,0,0,0,0,0,0,0,0,0,0,0,0,0,0,0,0,0
425,there is lots to offer,0,0,0,0,0,0,0,0,0,0,0,0,0,0,0,0,0,0,0,0,0
426,"I think some of their priorities are off, eg. bike lanes there was a perfectly good bike lane on 127th st. and they ruined it by revamping it. Also most people ride their bikes on sidewalks with no problems,",0,0,0,0,0,0,0,0,0,0,0,0,0,0,0,0,0,0,0,0,1
427,Parking is limited and too much construction everywhere.,0,0,0,0,0,0,0,0,0,0,0,0,0,0,0,0,0,0,0,0,0
428,"Covid definitely had an effect on how our city operates now. Certain areas, like downtown, which were vibrant are now empty and unwelcoming - lthough many new endeavours are being created in other areas.",0,0,0,0,0,0,0,0,0,0,0,0,0,0,0,0,0,1,0,0,1
429,Na,0,0,0,0,0,0,0,0,0,0,0,0,0,0,0,0,0,0,0,0,0
430,"Senior clubs, library programs, play grounds, river valley.",0,0,1,1,0,0,0,0,0,0,0,0,1,0,0,0,0,0,0,0,0
431,cause,0,0,0,0,0,0,0,0,0,0,0,0,0,0,0,0,0,0,0,0,0
432,Too much money spent on bike trails in city.,0,0,0,1,0,0,0,0,0,0,0,0,0,0,0,0,0,0,0,0,0
433,Don't get out much so can't voice an opinion.,0,0,0,0,0,0,0,0,0,0,0,0,0,0,0,0,0,0,0,0,0
434,There is lots of arts and culture events in Edmonton and lots of community activity. There are many sports facilities and swimming places.,0,0,1,0,0,0,0,0,0,0,0,0,0,0,1,0,0,0,1,0,0
435,No specific reason.,0,0,0,0,0,0,0,0,0,0,0,0,0,0,0,0,0,0,0,0,0
436,"I live in the heart of the Edmonton. I can easily do what are the things I need to do or go. I am happy here, where I belong.",0,0,0,0,0,0,0,0,0,0,0,0,0,0,0,0,0,0,0,0,0
437,Sometimes I feel that certain neighbourhoods experience better services than lower income neighbourhoods,0,0,0,0,0,0,0,0,0,0,0,0,0,0,0,0,0,0,0,0,0
438,The roads in Edmonton really need to be worked on.,0,0,0,0,0,1,0,0,0,0,0,0,0,0,0,0,0,0,0,0,0
439,Do notvuseca lot of those facilities st the moment,0,0,0,0,0,0,0,0,0,0,0,0,0,0,0,0,0,0,0,0,0
440,the city seems to be trying to help others,0,0,0,0,0,0,1,0,0,0,0,0,0,0,0,0,0,0,0,0,1
441,"I just feel that I'm satisfied with everything Edmonton has to offer, but its not exceptional.",0,0,0,0,0,0,0,0,0,0,0,0,0,0,0,0,0,0,0,0,0
442,NIL,0,0,0,0,0,0,0,0,0,0,0,0,0,0,0,0,0,0,0,0,0
443,Variety of activities for everyone,0,0,0,0,0,0,0,0,0,0,0,0,0,0,0,0,0,0,0,0,0
444,I feel a lot of the events are expensive and parking near an event is too expensive. I was downtown to attend a concert and the parking for the event was $25 with no option to adjust the hours required.,0,0,0,0,0,0,0,0,0,0,0,0,0,0,0,0,0,1,1,0,0
445,no issues,0,0,0,0,0,0,0,0,0,0,0,0,0,0,0,0,0,0,0,0,0
446,The council looks after their friends but not the people,0,0,0,0,0,0,0,0,0,0,0,0,0,0,0,0,0,0,0,0,1
447,I haven't gone to any cultural events or festivals because of COVID. There are no events that appeal to me personally.,0,0,0,0,0,0,0,0,0,0,0,0,0,0,0,0,0,0,1,0,0
448,"I understand that society is changing, but I feel that Edmonton is addressing the matters",0,0,0,0,0,0,0,0,0,0,0,0,0,0,0,0,0,0,0,0,0
449,"Seems that service is less and taxes go up! Reduce the taxes already & prioritize spending on police to reduce the damn crime! Maintain, no need to change by renewing, waste of money, NO new parks downtown!!!",0,0,0,0,1,0,0,0,0,0,0,0,0,0,0,0,1,1,0,0,1
450,The new LRT has been pending for too long. I see the trains running but no passengers,0,1,0,0,0,0,0,0,0,0,0,0,0,0,0,0,0,0,0,0,0
451,"City programs are fine but will not go downtown as it's not safe. Full of drug addicts using in stairwells at the library. Used needles, feces & garbage everywhere. Edmonton used to be beautiful now its filthy.",0,0,0,0,0,0,0,0,0,0,0,0,0,0,0,0,0,1,0,0,0
452,Lots of options,0,0,0,0,0,0,0,0,0,0,0,0,0,0,0,0,0,0,0,0,0
453,Could be better with less homelessness.,0,0,0,0,0,0,1,0,0,0,0,0,0,0,0,0,0,0,0,0,0
454,because i do not participate in many activities,0,0,0,0,0,0,0,0,0,0,0,0,0,0,0,0,0,0,0,0,0
455,Can not afford any outings plus access is difficult,0,0,0,0,0,0,0,0,0,0,0,0,0,0,0,0,0,0,1,0,0
456,Concerts were very enjoyable,0,0,0,0,0,0,0,0,0,0,0,0,0,0,0,0,0,0,1,0,0
457,Need more funding for senior centres,0,0,0,0,0,0,0,0,0,0,0,0,1,0,0,0,0,0,0,0,0
458,Facility in my neighborhood if i want to use them,0,0,0,0,0,0,0,0,0,0,0,0,0,0,0,0,0,0,0,0,0
459,My reason for being dissatisfied is because many of these programs did not receive funding and been cancelled. Many of our public services have increased in cost just like all our needs.,0,0,0,0,0,0,0,0,0,0,0,0,0,0,0,0,0,0,0,0,0
460,Not enough front line staff,0,0,0,0,0,0,0,0,0,0,0,1,0,0,0,0,0,0,0,0,0
461,Good health services,0,0,0,0,0,0,0,0,0,0,0,0,0,0,0,0,0,0,0,0,0
462,"Rec centres are accessible, streets are safe but too much emphasis is being placed on bicycle lanes",0,0,1,0,1,0,0,0,0,0,0,0,0,0,0,0,0,0,0,0,1
463,Some venues are overpriced,0,0,0,0,0,0,0,0,0,0,0,0,0,0,0,0,0,0,1,0,0
464,Snow removal and street cleaning unsatisfactory and lengthy noisy construction projects going overtime.,0,0,0,0,0,1,0,0,0,0,0,0,0,0,0,0,0,0,0,0,0
465,everything seems to be accessible,0,0,0,0,0,0,0,0,0,0,0,0,0,0,0,0,0,0,0,0,0
466,I feel it is well run.,0,0,0,0,0,0,0,0,0,0,0,0,0,0,0,0,0,0,0,0,1
467,I think there could be more city events,0,0,0,0,0,0,0,0,0,0,0,0,0,0,0,0,0,0,1,0,0
468,Lots of things going on,0,0,0,0,0,0,0,0,0,0,0,0,0,0,0,0,0,0,0,0,0
469,Could help seniors & disabled people more.,0,0,0,0,0,0,0,0,0,0,0,0,1,0,0,0,0,0,0,0,0
470,More services at the community level.,0,0,0,0,0,0,0,0,0,0,0,0,0,0,1,0,0,0,0,0,0
471,There is something for everyone in our city,0,0,0,0,0,0,0,0,0,0,0,0,0,0,0,0,0,0,0,0,0
472,"Concerts, plays, live music",0,0,0,0,0,0,0,0,0,0,0,0,0,0,0,0,0,0,1,0,0
473,I particioate in programs and exercises provided by the xuty,0,0,1,0,0,0,0,0,0,0,0,0,0,0,0,0,0,0,0,0,0
474,"Inability and unwillingness of City Council to control costs, thinking that my pockets will always be full, and that I won't notice the City's gang of pickpockets. Property taxes rose 13%, yoy, without any sign of efficiency and economic decision-making. The current gang can't make the trains run on time, and yet persists in building more - and charging us for them. Inadequate and unacceptable road clearing, road and sidewalk maintenance, LRT bollox, transit schedules. The list is endless. My enjoyment of Edmonton is self-made and self-directed. I support the fact that the leisure centers exist, for neighborhoods need them, but I am a member of private facilities.",0,1,0,0,0,1,0,0,0,0,0,0,0,0,0,0,1,0,0,0,1
475,I think that most things are considered for festivals & events. but there is always room for improvements to be made.,0,0,0,0,0,0,0,0,0,0,0,0,0,0,0,0,0,0,0,0,0
476,lots of programs but nothing I find interesting,0,0,0,0,0,0,0,0,0,0,0,0,0,0,0,0,0,0,1,0,0
477,"Many of the programs are focused on children and families, my age group has less activities that are feee or inexpensive",0,0,0,0,0,0,0,0,0,0,0,0,0,0,1,0,0,0,0,0,0
478,Everything my family needed was accessible,0,0,0,0,0,0,0,0,0,0,0,0,0,0,0,0,0,0,0,0,0
479,There's something for everyone.No one would be unable to find something to do or see.,0,0,0,0,0,0,0,0,0,0,0,0,0,0,0,0,0,0,0,0,0
480,"Poor transit service in my area; unsafe conditions downtown; downtown has been killed by council; unnecessary expenditures on bike lanes. Hawrelak Park, Ice District; all major roads in the city are under some type of construction. etc, etc.",0,1,0,0,0,1,0,0,0,0,0,0,0,0,0,0,0,1,0,0,0
481,There is a wide array of programs to choose from for adults and children,0,0,0,0,0,0,0,0,0,0,0,0,0,1,1,0,0,0,0,0,0
482,A vibrant community with so much to take part in,0,0,0,0,0,0,0,0,0,0,0,0,0,0,0,0,0,0,0,0,0
483,Like all the summer events. Parking and accessibility to down town is sometimes a hassle. Public transportation is unsafe,0,1,0,0,0,0,0,0,0,0,0,0,0,0,0,0,0,1,1,0,0
484,Most people I talk to are very happy with life in Edmonton .,0,0,0,0,0,0,0,0,0,0,0,0,0,0,0,0,0,0,0,0,0
485,Most of the activities cost too much to attend and there is no where to park,0,0,0,0,0,0,0,0,0,0,0,0,0,0,0,0,0,0,1,0,0
486,Don't pay much attention unless comes up on news,0,0,0,0,0,0,0,0,0,0,0,0,0,0,0,0,0,0,0,0,0
487,spend taxpayers dollars on the needs and wants of a few instead of the benefit of the overall citizens and their day to day lives,0,0,0,0,0,0,0,0,0,0,0,0,0,0,0,0,0,0,0,0,1
488,Lots of variety/choices of things to do/see.,0,0,0,0,0,0,0,0,0,0,0,0,0,0,0,0,0,0,0,0,0
489,variety good quality,0,0,0,0,0,0,0,0,0,0,0,0,0,0,0,0,0,0,0,0,0
490,The variety and caliber of concerts and performances is good.,0,0,0,0,0,0,0,0,0,0,0,0,0,0,0,0,0,0,1,0,0
491,A lot of places are not accessible or accessible seating is not available or inconvenient,0,0,0,0,0,0,0,0,0,0,0,0,0,0,0,0,0,0,0,0,0
492,I don't use many services but what I do use and see are well maintained and thought out.,0,0,0,0,0,0,0,0,0,0,0,0,0,0,0,0,0,0,0,0,0
493,Always offer a wide range of programs,0,0,0,0,0,0,0,0,0,0,0,0,0,0,0,0,0,0,0,0,0
494,"Many services, I understand, are very good in this city but the affordability is the issue",0,0,0,0,0,0,0,0,0,0,0,0,0,0,0,0,0,0,0,0,0
495,There is a lot of garbage thrown around the city by litterers. People need to made accountable for littering.,0,0,0,0,0,0,0,0,0,0,0,0,0,0,0,1,0,0,0,0,0
496,Fairly good,0,0,0,0,0,0,0,0,0,0,0,0,0,0,0,0,0,0,0,0,0
497,It's great to live in Edmonton but the city should do more to make the city great like Calgary,0,0,0,0,0,0,0,0,0,0,0,0,0,0,0,0,0,0,0,0,0
498,not sure of all programs offered looking for Aqua-size,0,0,0,0,0,0,0,0,0,0,0,0,0,0,0,0,0,0,0,0,0
499,Recreation all access and accessible bus passes,0,1,1,0,0,0,0,0,0,0,0,0,0,0,0,0,0,0,0,0,0
500,I feel that there are decisions made by municipal administration that go counter to the will of the elected council.,0,0,0,0,0,0,0,0,0,0,0,0,0,0,0,0,0,0,0,0,1
501,Clean outdoor facilities and swimming pools,0,0,1,0,0,0,0,0,0,0,0,0,0,0,0,0,0,0,0,0,0
502,"The museum is great, and it's great that they allow indigenous people in for free. Fort Edmonton is great too. I wish there were more things to do",0,0,0,0,0,0,0,0,0,0,0,0,0,0,0,0,0,0,1,0,0
503,"As I mentioned previously, there is always room for improvement and in numerous areas in the infrastructure. Some areas are severely lacking. Mental Health being one area that needs improvement, as well as the legal system.",0,0,0,0,0,0,1,0,0,0,0,0,0,0,0,0,0,0,0,0,0
504,They are costly and so.ewhat inaccessible,0,0,0,0,0,0,0,0,0,0,0,0,0,0,0,0,0,0,0,0,0
505,The bus and lrt systems should be better. The bike lanes should be more sensjble and sidewalks need better upkeep. Pedestrian spaces need to take priority. Most importantly affordable housing needsnto be invested in in order to actually decrease the homeless population. Rather than them being treated like animals and run out of their camps. Especially in winter.,1,1,0,1,0,1,1,0,0,0,0,0,0,0,0,0,0,0,0,0,0
506,I feel like there could be more done to include non-white/cis groups. I feel like there's a lot of pandering to that community.,0,0,0,0,0,0,0,0,0,0,0,0,0,0,1,0,0,0,0,0,0
507,"I think that there is room for improvement, such as dealing with homelessness in Edmonton.",0,0,0,0,0,0,1,0,0,0,0,0,0,0,0,0,0,0,0,0,0
508,It's not the cities fault that people are crazy after covid,0,0,0,0,0,0,0,0,0,0,0,0,0,0,0,0,0,0,0,0,0
509,Because I agree,0,0,0,0,0,0,0,0,0,0,0,0,0,0,0,0,0,0,0,0,0
510,No negative comments nor feelings,0,0,0,0,0,0,0,0,0,0,0,0,0,0,0,0,0,0,0,0,0
511,IT JUST ISNT FREAT HERE AT ALL,0,0,0,0,0,0,0,0,0,0,0,0,0,0,0,0,0,0,0,0,0
512,As far as I'm aware we do better than a lot of cities in that regard,0,0,0,0,0,0,0,0,0,0,0,0,0,0,0,0,0,0,0,0,0
513,Recently i visited Job fairs conducted in downtown which was very well organised and conducted.,0,0,0,0,0,0,0,0,0,0,0,0,0,0,0,0,0,1,0,0,0
514,Not very exciting. Low funding. Crime.,0,0,0,0,1,0,0,0,0,0,0,0,0,0,0,0,0,0,1,0,1
515,There could be more,0,0,0,0,0,0,0,0,0,0,0,0,0,0,0,0,0,0,0,0,0
516,They have lots to offer in the city,0,0,0,0,0,0,0,0,0,0,0,0,0,0,0,0,0,0,0,0,0
517,I like edmonton it is so good and I love it.,0,0,0,0,0,0,0,0,0,0,0,0,0,0,0,0,0,0,0,0,0
518,easy yo apporch,0,0,0,0,0,0,0,0,0,0,0,0,0,0,0,0,0,0,0,0,0
519,"I feel like there needs to be more vivid things being developed in the downtown area cause it's quite shady. However, there are enough interesting things that I am interested when I do them.",0,0,0,0,0,0,0,0,0,0,0,0,0,0,0,0,0,1,1,0,0
520,They are usually geared towards a false narrative of decolonization or destruction of traditional family values,0,0,0,0,0,0,0,0,0,0,0,0,0,0,0,0,0,0,0,0,0
521,Bring comfort,0,0,0,0,0,0,0,0,0,0,0,0,0,0,0,0,0,0,0,0,0
522,Edmonton is a great place for young adults because of the opportunities,0,0,0,0,0,0,0,0,0,0,0,0,0,0,0,0,0,0,0,0,0
523,"I can feel the local conditions and customs, and I can also feel the enthusiasm of the people.",0,0,0,0,0,0,0,0,0,0,0,0,0,0,0,0,0,0,0,0,0
524,There are a lot of different things to do but they get repetitive after many years of living in Edmonton.,0,0,0,0,0,0,0,0,0,0,0,0,0,0,0,0,0,0,0,0,0
525,Cause they are what you make them.,0,0,0,0,0,0,0,0,0,0,0,0,0,0,0,0,0,0,0,0,0
526,It has a lot games going on and concerts but just timing is off for me.,0,0,0,0,0,0,0,0,0,0,0,0,0,0,0,0,0,0,1,0,0
527,Great quality events and a lot of variety.,0,0,0,0,0,0,0,0,0,0,0,0,0,0,0,0,0,0,1,0,0
528,There are a lot somewhat programs,0,0,0,0,0,0,0,0,0,0,0,0,0,0,0,0,0,0,0,0,0
529,"Although everything is getting worst now-a-day, but our city is doing everything possible to solve the problems and issues that occurred.",0,0,0,0,0,0,0,0,0,0,0,0,0,0,0,0,0,0,0,0,1
530,I haven't heard or experienced anything to make me feel overly negative on this subject.,0,0,0,0,0,0,0,0,0,0,0,0,0,0,0,0,0,0,0,0,0
531,not very aware og it,0,0,0,0,0,0,0,1,0,0,0,0,0,0,0,0,0,0,0,0,0
532,The programs and things offered by the City of Edmonton have still been operating fine. The quality has been good but the price and cost has definitely up-ticked.,0,0,0,0,0,0,0,0,0,0,0,0,0,0,0,0,0,0,0,0,0
533,There could be more events in the winter. Most events in Edmonton happens in the summer so it makes the city really fun in the summer but winter/fall is when there is not much to do in the city.,0,0,0,0,0,0,0,0,0,0,0,0,0,0,0,0,0,0,1,0,0
534,Idk,0,0,0,0,0,0,0,0,0,0,0,0,0,0,0,0,0,0,0,0,0
535,"The reason is the people here very simple the like to help , very nice community , great city",0,0,0,0,0,0,0,0,0,0,0,0,0,0,0,0,0,0,0,0,0
536,none,0,0,0,0,0,0,0,0,0,0,0,0,0,0,0,0,0,0,0,0,0
537,Very efficient and considerate of the people.,0,0,0,0,0,0,0,0,0,0,0,0,0,0,0,0,0,0,0,0,0
538,Got a lot of support from people.,0,0,0,0,0,0,0,0,0,0,0,0,0,0,0,0,0,0,0,0,0
539,because it is very effective and good for people,0,0,0,0,0,0,0,0,0,0,0,0,0,0,0,0,0,0,0,0,0
540,Because that's my opinion,0,0,0,0,0,0,0,0,0,0,0,0,0,0,0,0,0,0,0,0,0
541,"I'm very busy with work, I don't have much free time, and I don't know much about these things.",0,0,0,0,0,0,0,0,0,0,0,0,0,0,0,0,0,0,0,0,0
542,Everything is available at the ease and safe,0,0,0,0,0,0,0,0,0,0,0,0,0,0,0,0,0,0,0,0,0
543,There is always room to improve,0,0,0,0,0,0,0,0,0,0,0,0,0,0,0,0,0,0,0,0,0
544,I DONT USE A LOT OF SERVICES OFFERED BY THE CITY,0,0,0,0,0,0,0,0,0,0,0,0,0,0,0,0,0,0,0,0,0
545,Because I haven't really heard either way on the subject and don't like making an opinion until I have researched the subject myself.,0,0,0,0,0,0,0,0,0,0,0,0,0,0,0,0,0,0,0,0,0
546,The city offers programs that no one wants or needs and wastes money.,0,0,0,0,0,0,0,0,0,0,0,0,0,0,0,0,0,0,0,0,1
547,I'm not very social and I rarely attend events,0,0,0,0,0,0,0,0,0,0,0,0,0,0,0,0,0,0,1,0,0
548,prices to get in are usually to high. the cost of anything to buy in these events is ridiculous. parking is always a problem,0,0,0,0,0,0,0,0,0,0,0,0,0,0,0,0,0,0,1,0,0
549,I think there could be more programming other than in downtown Edmonton. Also many of the businesses in downtown Edmonton close by 5pm on weekdays.,0,0,0,0,0,0,0,0,0,0,0,0,0,0,0,0,0,1,0,0,0
550,"The taxes are too high, the garbage removal is not frequent enough. They don't cut the grass enough and spent way too much on bike lanes nobodies used.",0,0,0,1,0,0,0,0,1,0,0,0,0,0,0,0,1,0,0,0,1
551,I like life here,0,0,0,0,0,0,0,0,0,0,0,0,0,0,0,0,0,0,0,0,0
552,The opportunities are always there and I'm satisfied with that,0,0,0,0,0,0,0,0,0,0,0,0,0,0,0,0,0,0,0,0,0
553,"I think it's on the right path now, and I really believe in them.",0,0,0,0,0,0,0,0,0,0,0,0,0,0,0,0,0,0,0,0,0
554,I have not had any negative experiences to report but sometimes it seems things happen very quickly with not enough warning,0,0,0,0,0,0,0,0,0,0,0,0,0,0,0,0,0,0,0,1,0
555,Lots to pick from,0,0,0,0,0,0,0,0,0,0,0,0,0,0,0,0,0,0,0,0,0
556,I don't regularly use most Edmonton facilities so I don't have an opinion,0,0,0,0,0,0,0,0,0,0,0,0,0,0,0,0,0,0,0,0,0
557,don't want to explain,0,0,0,0,0,0,0,0,0,0,0,0,0,0,0,0,0,0,0,0,0
558,They have a lot of really good stuff going on,0,0,0,0,0,0,0,0,0,0,0,0,0,0,0,0,0,0,0,0,0
559,I have no opinion.,0,0,0,0,0,0,0,0,0,0,0,0,0,0,0,0,0,0,0,0,0
560,There's still room for improvement.,0,0,0,0,0,0,0,0,0,0,0,0,0,0,0,0,0,0,0,0,0
561,Dont use many city programs,0,0,0,0,0,0,0,0,0,0,0,0,0,0,0,0,0,0,0,0,0
562,"I think we have great choices. Winspear, citadel, concerts, sporting events, summer festivals.",0,0,0,0,0,0,0,0,0,0,0,0,0,0,0,0,0,0,1,0,0
563,"Not all amenities are available in price. Some of them is not safe to attend with child, especially ones are in the downtown.",0,0,0,0,0,0,0,0,0,0,0,0,0,0,0,0,0,1,0,0,0
564,I think a bit more can be done,0,0,0,0,0,0,0,0,0,0,0,0,0,0,0,0,0,0,0,0,0
565,There is a good variety of events and festivals.,0,0,0,0,0,0,0,0,0,0,0,0,0,0,0,0,0,0,1,0,0
566,I feel that's more can be done in this city by the government to make it more safe and enjoyable. We don't need to spend millions on bike lanes. How about more affordable housing. Or helping the homeless.,1,0,0,0,1,0,1,0,0,0,0,0,0,0,0,0,0,0,0,0,1
567,The city offers amazing things to goto,0,0,0,0,0,0,0,0,0,0,0,0,0,0,0,0,0,0,0,0,0
568,"something wrong here. anything I want to do, you refuse.",0,0,0,0,0,0,0,0,0,0,0,0,0,0,0,0,0,0,0,0,0
569,"Celebration of perversion (Pride), subjecting children to sexual topics and events unsuitable for their maturity level, denigration of native inhabitants.",0,0,0,0,0,0,0,0,0,0,0,0,0,0,0,0,0,0,1,0,0
570,There are many things to do in Edmonton and I find it enjoyable.,0,0,0,0,0,0,0,0,0,0,0,0,0,0,0,0,0,0,0,0,0
571,I don't take part in activities in my immediate community,0,0,0,0,0,0,0,0,0,0,0,0,0,0,0,0,0,0,0,0,0
572,Many people want to help,0,0,0,0,0,0,0,0,0,0,0,0,0,0,0,0,0,0,0,0,0
573,The standard of living and quality of life here is very much in line with my concept and suits me very well,0,0,0,0,0,0,0,0,0,0,0,0,0,0,0,0,0,0,0,0,0
574,Im not sure,0,0,0,0,0,0,0,0,0,0,0,0,0,0,0,0,0,0,0,0,0
575,I hear of programs but hard to obtain. Most of it seems to be on the north side or costs money.,0,0,0,0,0,0,0,0,0,0,0,0,0,0,0,0,0,0,0,0,0
576,I can't enter all programs because I'm low income.,0,0,0,0,0,0,0,0,0,0,0,0,0,0,0,0,0,0,0,0,0
577,i like the festivals in edmonton,0,0,0,0,0,0,0,0,0,0,0,0,0,0,0,0,0,0,1,0,0
578,Need more special events at city properties,0,0,0,0,0,0,0,0,0,0,0,0,0,0,0,0,0,0,1,0,0
579,it is getting little crowded,0,0,0,0,0,0,0,0,0,0,0,0,0,0,0,0,0,0,0,0,0
580,Always events going on which is great.,0,0,0,0,0,0,0,0,0,0,0,0,0,0,0,0,0,0,1,0,0
581,Not enough options,0,0,0,0,0,0,0,0,0,0,0,0,0,0,0,0,0,0,0,0,0
582,I lived here for almost 4 years this year and i must say im somewhat satisfied for they also think of the well farenof the community and i can say that the people also are responding positively,0,0,0,0,0,0,0,0,0,0,0,0,0,0,0,0,0,0,0,0,1
583,I think the museums and festivals are well priced to be available to most families. I also think as a city there are still lots of events in winter which is nice,0,0,0,0,0,0,0,0,0,0,0,0,0,0,0,0,0,0,1,0,0
584,We need more family friendly events,0,0,0,0,0,0,0,0,0,0,0,0,0,0,0,0,0,0,1,0,0
585,The cost.,0,0,0,0,0,0,0,0,0,0,0,0,0,0,0,0,0,0,0,0,0
586,I don't have a want or need for any of the programs at this time of my life,0,0,0,0,0,0,0,0,0,0,0,0,0,0,0,0,0,0,0,0,0
587,I have experience much to do with this,0,0,0,0,0,0,0,0,0,0,0,0,0,0,0,0,0,0,0,0,0
588,Because I'm a person who likes to stay home,0,0,0,0,0,0,0,0,0,0,0,0,0,0,0,0,0,0,0,0,0
589,"I feel like living in Edmonton is great as all the amenities are near by, I feel safe in this city",0,0,0,0,1,0,0,0,0,0,0,0,0,0,0,0,0,0,0,0,0
590,"Very satisfied, except for snow removal.",0,0,0,0,0,1,0,0,0,0,0,0,0,0,0,0,0,0,0,0,0
591,There is a good variety of festivals around edmonton,0,0,0,0,0,0,0,0,0,0,0,0,0,0,0,0,0,0,1,0,0
592,"The festivals/events that I have been to have been well planned, entertaining, reasonably priced...",0,0,0,0,0,0,0,0,0,0,0,0,0,0,0,0,0,0,1,0,0
593,Things are still to expensive to do,0,0,0,0,0,0,0,0,0,0,0,0,0,0,0,0,0,0,0,0,0
594,I feel more events & attractions should be held with lower income households in mind as it is hard to attend such events & attractions due to lack of money,0,0,0,0,0,0,0,0,0,0,0,0,0,0,0,0,0,0,1,0,0
595,No programs for our income pracket just above poverty,0,0,0,0,0,0,0,0,0,0,0,0,0,0,0,0,0,0,0,0,0
596,Some programs are too expensive,0,0,0,0,0,0,0,0,0,0,0,0,0,0,0,0,0,0,0,0,0
597,"Due to my income, I do not qualify for many programs.",0,0,0,0,0,0,0,0,0,0,0,0,0,0,0,0,0,0,0,0,0
598,Program timings can be tricky to get into,0,0,0,0,0,0,0,0,0,0,0,0,0,0,0,0,0,0,0,0,0
599,Good variety of events,0,0,0,0,0,0,0,0,0,0,0,0,0,0,0,0,0,0,1,0,0
600,There are different activities i can so in the city.,0,0,0,0,0,0,0,0,0,0,0,0,0,0,0,0,0,0,0,0,0
601,Don't really have time to do things with work and all,0,0,0,0,0,0,0,0,0,0,0,0,0,0,0,0,0,0,0,0,0
602,Some neighborhoods lack schools and parks,0,0,0,1,0,0,0,0,0,0,0,0,0,0,0,0,0,0,0,0,0
603,Just because I wasn't completely satisfied so there could be a little bit of improvement,0,0,0,0,0,0,0,0,0,0,0,0,0,0,0,0,0,0,0,0,0
604,It's ok but could be better planned and thought out.,0,0,0,0,0,0,0,0,0,0,0,0,0,0,0,0,0,0,0,0,0
605,"Low taxes, high wages, low consumption, and a very safe living environment.",0,0,0,0,1,0,0,0,0,0,0,0,0,0,0,0,1,0,0,0,0
606,Cities encourage community participation and involve residents in the city's planning and decision-making processes.,0,0,0,0,0,0,0,0,0,0,0,0,0,1,0,0,0,0,0,0,1
607,I think the program is organized very professionally,0,0,0,0,0,0,0,0,0,0,0,0,0,0,0,0,0,0,0,0,0
608,Lots of variety,0,0,0,0,0,0,0,0,0,0,0,0,0,0,0,0,0,0,0,0,0
609,i find it so easy to get information and access basic amenities,0,0,0,0,0,0,0,0,0,0,0,1,0,0,0,0,0,0,1,0,0
610,I feel Edmonton could focus more on these events and support them instead of things like construction that takes years to finish when it shouldn't. To many lazy people,0,0,0,0,0,0,0,0,0,0,0,0,0,0,0,0,0,0,0,0,1
611,it feels like everyone is just trying to make money off everyone else rather than improve overall quality of life,0,0,0,0,0,0,0,0,0,0,0,0,0,0,0,0,0,0,0,0,1
612,More needs to be done,0,0,0,0,0,0,0,0,0,0,0,0,0,0,0,0,0,0,0,0,0
613,Always room for improvement,0,0,0,0,0,0,0,0,0,0,0,0,0,0,0,0,0,0,0,0,0
614,All events seem to be too expensive for the average household these days'Â¦,0,0,0,0,0,0,0,0,0,0,0,0,0,0,0,0,0,0,1,0,0
615,There are a lot of festivals and events that go on in the city,0,0,0,0,0,0,0,0,0,0,0,0,0,0,0,0,0,0,1,0,0
616,its an easy design and survey layout,0,0,0,0,0,0,0,0,0,0,0,0,0,0,0,0,0,0,0,0,0
617,Have not personally used them myself,0,0,0,0,0,0,0,0,0,0,0,0,0,0,0,0,0,0,0,0,0
618,I dont know enough to have an opinion,0,0,0,0,0,0,0,0,0,0,0,0,0,0,0,0,0,0,0,0,0
619,"Events are offered but poorly marketed, which I feel results in poor turn out. Not many people attend the events and they are lack lustre. For example, Bomfest, a music festival is being held in a parking lot rather than an aesthetically pleasing venue like a park.",0,0,0,0,0,0,0,0,0,0,0,0,0,0,0,0,0,0,1,1,0
620,There are not enough programs,0,0,0,0,0,0,0,0,0,0,0,0,0,0,0,0,0,0,0,0,0
621,Not alot happens in a city where alot of crime happens,0,0,0,0,1,0,0,0,0,0,0,0,0,0,0,0,0,0,0,0,0
622,i havent used any programs within edmonton lately,0,0,0,0,0,0,0,0,0,0,0,0,0,0,0,0,0,0,0,0,0
623,"The lack of variety in my area, and the cost is a little overwhelming, but the amount of services is incredible.",0,0,0,0,0,0,0,0,0,0,0,0,0,0,0,0,0,0,0,0,0
624,I don't know,0,0,0,0,0,0,0,0,0,0,0,0,0,0,0,0,0,0,0,0,0
625,"It's alright, but they could be putting more money into the programs",0,0,0,0,0,0,0,0,0,0,0,0,0,0,1,0,0,0,0,0,0
626,It's okay,0,0,0,0,0,0,0,0,0,0,0,0,0,0,0,0,0,0,0,0,0
627,Not affordable to do anything really. Not enough affordable housing or utilities prices which are out of control. Not enough services available for people with disabilities or is unaffordable. They really need to recognize people with disabilities and offer them the same discount that seniors get.,1,0,0,0,0,0,0,0,0,0,0,0,0,0,0,0,0,0,0,0,0
628,I'M ON THE FENCE.,0,0,0,0,0,0,0,0,0,0,0,0,0,0,0,0,0,0,0,0,0
629,Seemed more ordinary than moving.,0,0,0,0,0,0,0,0,0,0,0,0,0,0,0,0,0,0,0,0,0
630,There are a lot of activities that you can do and they are really fun and diverse I just never really liked them.,0,0,0,0,0,0,0,0,0,0,0,0,0,0,0,0,0,0,1,0,0
631,We should have more going on in the city,0,0,0,0,0,0,0,0,0,0,0,0,0,0,0,0,0,0,1,0,0
632,We do have some good events. That I enjoy participating in,0,0,0,0,0,0,0,0,0,0,0,0,0,0,0,0,0,0,1,0,0
633,Sometimes there's limited events,0,0,0,0,0,0,0,0,0,0,0,0,0,0,0,0,0,0,1,0,0
634,wished there were more things to do for young adults who are trying to find their way in life; exploring hobbies and such without having a financial burden for it,0,0,0,0,0,0,0,0,0,0,0,0,0,0,1,0,0,0,0,0,0
635,it is ok,0,0,0,0,0,0,0,0,0,0,0,0,0,0,0,0,0,0,0,0,0
636,Everything can always be better but I don't hate the experiences I have so it's neither agree nor disagree,0,0,0,0,0,0,0,0,0,0,0,0,0,0,0,0,0,0,0,0,0
637,Could of had more effort,0,0,0,0,0,0,0,0,0,0,0,0,0,0,0,0,0,0,0,0,0
638,Most programs offer subsidies so people from any economical group can join.,0,0,0,0,0,0,0,0,0,0,0,0,0,0,0,0,0,0,0,0,0
639,"Other too much property tax , we no need rebate on gas or living expenses, just reduce living cost expense, rebate is not solved problem",0,0,0,0,0,0,0,0,0,0,0,0,0,0,0,0,1,0,0,0,0
640,Because there were not as expected people present.,0,0,0,0,0,0,0,0,0,0,0,0,0,0,0,0,0,0,0,0,0
641,im neither,0,0,0,0,0,0,0,0,0,0,0,0,0,0,0,0,0,0,0,0,0
642,There are plenty of opportunities for different events to attend but there is always room for more,0,0,0,0,0,0,0,0,0,0,0,0,0,0,0,0,0,0,1,0,0
643,It is way too beautiful city,0,0,0,0,0,0,0,0,0,0,0,0,0,0,0,0,0,0,0,0,0
644,Useful use,0,0,0,0,0,0,0,0,0,0,0,0,0,0,0,0,0,0,0,0,0
645,People in Edmonton go all out with their celebrations,0,0,0,0,0,0,0,0,0,0,0,0,0,0,0,0,0,0,1,0,0
646,Programs offer3d to help people arent as accessible for some who are deemed ineligible due to being q small amount over the maximum for qualifying for q prigram. Which i consider unfair and reqly it effects alot of edmontonians,0,0,0,0,0,0,1,0,0,0,0,0,0,0,0,0,0,0,0,0,0
647,na,0,0,0,0,0,0,0,0,0,0,0,0,0,0,0,0,0,0,0,0,0
648,Edmonton is a very unsafe place to live. Police is biased and corrupt. City policies promotes wasting tax payers monies,0,0,0,0,1,0,0,0,0,0,0,0,0,0,0,0,0,0,0,0,1
649,Fair amount of events going on in city,0,0,0,0,0,0,0,0,0,0,0,0,0,0,0,0,0,0,1,0,0
650,There could be more accessible programs for people,0,0,0,0,0,0,0,0,0,0,0,0,0,0,0,0,0,0,0,0,0
651,they where fairly priced and they had great displays,0,0,0,0,0,0,0,0,0,0,0,0,0,0,0,0,0,0,0,0,0
652,"Overall feeling good, if it could be better that would be great",0,0,0,0,0,0,0,0,0,0,0,0,0,0,0,0,0,0,0,0,0
653,Because the service is very good and very comprehensive.,0,0,0,0,0,0,0,0,0,0,0,0,0,0,0,0,0,0,0,0,0
654,Because it quality,0,0,0,0,0,0,0,0,0,0,0,0,0,0,0,0,0,0,0,0,0
655,I think if it could be a little better,0,0,0,0,0,0,0,0,0,0,0,0,0,0,0,0,0,0,0,0,0
656,The overall social atmosphere is better,0,0,0,0,0,0,0,0,0,0,0,0,0,0,0,0,0,0,0,0,0
657,Quite inconvenient,0,0,0,0,0,0,0,0,0,0,0,0,0,0,0,0,0,0,0,0,0
658,There are many meanings,0,0,0,0,0,0,0,0,0,0,0,0,0,0,0,0,0,0,0,0,0
659,I love visiting art event and the atmosphere was friendly.,0,0,0,0,0,0,0,0,0,0,0,0,0,0,0,0,0,0,1,0,0
660,It's not good enough. It needs to be improved,0,0,0,0,0,0,0,0,0,0,0,0,0,0,0,0,0,0,0,0,0
661,Not every thing good,0,0,0,0,0,0,0,0,0,0,0,0,0,0,0,0,0,0,0,0,0
662,I am so grateful to the city of Edmonton for making me who I am.,0,0,0,0,0,0,0,0,0,0,0,0,0,0,0,0,0,0,0,0,0
663,I usually go to recreation centres i feel like its a very good service,0,0,1,0,0,0,0,0,0,0,0,0,0,0,0,0,0,0,0,0,0
664,The programs seem to be varied enough in what they offer,0,0,0,0,0,0,0,0,0,0,0,0,0,0,0,0,0,0,0,0,0
665,People were there to help,0,0,0,0,0,0,0,0,0,0,0,0,0,0,0,0,0,0,0,0,0
666,I feel like edmonton can do more festivals for children,0,0,0,0,0,0,0,0,0,0,0,0,0,1,0,0,0,0,1,0,0
667,I do not think the city is doing enough,0,0,0,0,0,0,0,0,0,0,0,0,0,0,0,0,0,0,0,0,1
668,"The services are mostly good, but they definitely aren't doing nearly enough.",0,0,0,0,0,0,0,0,0,0,0,0,0,0,0,0,0,0,0,0,0
669,"There seems to be alot of things going on around the city and lots of things to do, something for everyone",0,0,0,0,0,0,0,0,0,0,0,0,0,0,0,0,0,0,1,0,0
670,"i dont think the programs in edmonton are run efficiently or with competence, there are long lineups or hiccups for service,",0,0,0,0,0,0,0,0,0,0,0,0,0,0,0,0,0,0,0,0,0
671,"Ever where I go to get a service,I received good customer service.",0,0,0,0,0,0,0,0,0,0,0,1,0,0,0,0,0,0,0,0,0
672,It's ok,0,0,0,0,0,0,0,0,0,0,0,0,0,0,0,0,0,0,0,0,0
673,Quite unique,0,0,0,0,0,0,0,0,0,0,0,0,0,0,0,0,0,0,0,0,0
674,Not bad.,0,0,0,0,0,0,0,0,0,0,0,0,0,0,0,0,0,0,0,0,0
675,I feel that there needs to be orientation for new comers.,0,0,0,0,0,0,0,0,0,0,0,1,0,0,0,0,0,0,0,1,0
676,The city needs to do more or at least advertise more,0,0,0,0,0,0,0,0,0,0,0,1,0,0,0,0,0,0,0,0,0
677,the programs are normally too far away from where I live,0,0,0,0,0,0,0,0,0,0,0,0,0,0,0,0,0,0,0,0,0
678,Many different high quality events and programs,0,0,0,0,0,0,0,0,0,0,0,0,0,0,0,0,0,0,1,0,0
679,Cause Edmonton is scary Somedays,0,0,0,0,1,0,0,0,0,0,0,0,0,0,0,0,0,0,0,0,0
680,"I think the city need more activities and new places for entertainment and recreation, not just for kids also for adults",0,0,0,0,0,0,0,0,0,0,0,0,0,0,0,0,0,0,1,0,0
681,Wasting the tax payer money,0,0,0,0,0,0,0,0,0,0,0,0,0,0,0,0,0,0,0,0,1
682,The Concervatory was smaller than I thought.,0,0,1,0,0,0,0,0,0,0,0,0,0,0,0,0,0,0,0,0,0
683,A lot of good kids programs for the summer. Leisure access pass was huge for our family when we needed it a few years ago. But help with family doctors and legal system could be improved,0,0,0,0,0,0,1,0,0,0,0,0,0,1,0,0,0,0,0,0,0
684,Variety of different options,0,0,0,0,0,0,0,0,0,0,0,0,0,0,0,0,0,0,0,0,0
685,Costs of the event or services. City website is hard to use. To many different ways to access pages,0,0,0,0,0,0,0,0,0,0,0,1,0,0,0,0,0,0,1,0,0
686,City council wasting tax dollars doing the same project over and over>>>ie-bike lanes adding and removing them.,0,0,0,0,0,0,0,0,0,0,0,0,0,0,0,0,0,0,0,0,1
687,Satisified in the over all sense. Edmonton has many good options,0,0,0,0,0,0,0,0,0,0,0,0,0,0,0,0,0,0,0,0,0
688,Safe to travel anywhere in Edmonton.,0,0,0,0,1,0,0,0,0,0,0,0,0,0,0,0,0,0,0,0,0
689,"City has lots of facilities for programs, and easily accessible however I do find they are a bit pricey",0,0,0,0,0,0,0,0,0,0,0,0,0,0,0,0,0,0,0,0,0
690,"I think there should be more ways for people with disabilities to make a living, but mostly things are ok.",0,0,0,0,0,0,0,0,0,0,0,0,0,0,0,0,0,0,0,0,0
691,I love all of the festivals in Edmonton during the summer. It makes the city vibrant.,0,0,0,0,0,0,0,0,0,0,0,0,0,0,0,0,0,0,1,0,0
692,"Overall, this heat is too much to promote private, professional sports teams, like the Oilers, and that cost everyone else in terms of arts and entertainment.",0,0,0,0,0,0,0,0,0,0,0,0,0,0,0,0,0,0,1,0,0
693,IT NEEDS MORE WORK TO MERGE THE MULTI CULTURE.,0,0,0,0,0,0,0,0,0,0,0,0,0,0,0,0,0,0,0,0,0
694,EVERYTHING SEEMS GREAT,0,0,0,0,0,0,0,0,0,0,0,0,0,0,0,0,0,0,0,0,0
695,my children do and have access to sport teams and have attended,0,0,0,0,0,0,0,0,0,0,0,0,0,1,0,0,0,0,0,0,0
696,I live in abject poverty,0,0,0,0,0,0,0,0,0,0,0,0,0,0,0,0,0,0,0,0,0
697,No problem with the service.,0,0,0,0,0,0,0,0,0,0,0,0,0,0,0,0,0,0,0,0,0
698,People are mostly nice people,0,0,0,0,0,0,0,0,0,0,0,0,0,0,0,0,0,0,0,0,0
699,I enjoy this place.,0,0,0,0,0,0,0,0,0,0,0,0,0,0,0,0,0,0,0,0,0
700,"Very satisfied, because, basic amenities and community programmes are available and organized.",0,0,0,0,0,0,0,0,0,0,0,0,0,0,1,0,0,0,0,0,0
